﻿pos_x,pos_y,rotation,side,designator,mpn,pack,value,mount_type,place
184.05,-136.271,180.0,bottom,BT1,,BatteryHolder_Keystone_1060_1x2032,Battery_Cell,smt,True
185.9065,-92.583,0.0,bottom,C1,,C_0805_2012Metric_Pad1.18x1.45mm_HandSolder,22uF,smt,True
204.216,-88.9,-90.0,bottom,C10,,C_0805_2012Metric_Pad1.18x1.45mm_HandSolder,0.01uF,smt,True
204.216,-81.915,-90.0,bottom,C11,,C_0805_2012Metric_Pad1.18x1.45mm_HandSolder,0.01uF,smt,True
157.3418,-67.1068,0.0,bottom,C12,,C_0805_2012Metric_Pad1.18x1.45mm_HandSolder,22uF,smt,True
157.3418,-64.8208,0.0,bottom,C13,,C_0805_2012Metric_Pad1.18x1.45mm_HandSolder,22uF,smt,True
197.866,-72.009,180.0,bottom,C14,,C_0805_2012Metric_Pad1.18x1.45mm_HandSolder,0.1uF,smt,True
197.866,-85.979,180.0,bottom,C15,,C_0805_2012Metric_Pad1.18x1.45mm_HandSolder,0.1uF,smt,True
197.866,-78.867,180.0,bottom,C16,,C_0805_2012Metric_Pad1.18x1.45mm_HandSolder,0.1uF,smt,True
185.9065,-94.742,0.0,bottom,C2,,C_0805_2012Metric_Pad1.18x1.45mm_HandSolder,10uF,smt,True
158.8912,-71.7804,90.0,top,C3,,C_0805_2012Metric_Pad1.18x1.45mm_HandSolder,10uF,smt,True
194.183,-60.96,90.0,bottom,C4,,C_0805_2012Metric_Pad1.18x1.45mm_HandSolder,470pF,smt,True
192.024,-60.96,-90.0,bottom,C5,,C_0805_2012Metric_Pad1.18x1.45mm_HandSolder,0.01uF,smt,True
189.865,-60.96,-90.0,bottom,C6,,C_0805_2012Metric_Pad1.18x1.45mm_HandSolder,1.0uF,smt,True
165.5968,-68.8848,90.0,top,C7,,C_0805_2012Metric_Pad1.18x1.45mm_HandSolder,0.1uF,smt,True
162.429,-74.8538,0.0,top,C8,,C_0805_2012Metric_Pad1.18x1.45mm_HandSolder,47pF,smt,True
204.216,-74.93,-90.0,bottom,C9,,C_0805_2012Metric_Pad1.18x1.45mm_HandSolder,0.01uF,smt,True
172.7962,-84.8614,0.0,top,D1,,OSRAM_0805,CMD17-21VRD/TR8,smt,True
172.7962,-87.1728,0.0,top,D2,,OSRAM_0805,CMD17-21VGD/TR8,smt,True
156.464,-78.486,-90.0,bottom,D3,,D_SOD-882_DFN1006-2_TVS,SPHV12-01ETG-C,tht,True
153.924,-87.122,90.0,bottom,D4,,D_SOD-323_HandSoldering,BAT165A,smt,True
153.924,-82.55,-90.0,bottom,F1,,Fuse_0805_2012Metric_Pad1.15x1.40mm_HandSolder,1.5A,smt,True
208.146,-73.152,180.0,bottom,FB1,,Ferrite_0805_2012Metric_Pad1.05x1.20mm_BigPads,2508056017Y2,smt,True
208.139,-76.581,180.0,bottom,FB2,,Ferrite_0805_2012Metric_Pad1.05x1.20mm_BigPads,2508056017Y2,smt,True
208.139,-80.137,180.0,bottom,FB3,,Ferrite_0805_2012Metric_Pad1.05x1.20mm_BigPads,2508056017Y2,smt,True
208.139,-83.566,180.0,bottom,FB4,,Ferrite_0805_2012Metric_Pad1.05x1.20mm_BigPads,2508056017Y2,smt,True
208.139,-87.122,180.0,bottom,FB5,,Ferrite_0805_2012Metric_Pad1.05x1.20mm_BigPads,2508056017Y2,smt,True
208.139,-90.678,180.0,bottom,FB6,,Ferrite_0805_2012Metric_Pad1.05x1.20mm_BigPads,2508056017Y2,smt,True
184.15,-87.122,0.0,top,G1,,LOGO,LOGO,tht,False
160.02,-53.34,0.0,top,H1,,MountingHole_3.2mm_M3_Pad_Via,MountingHole_Pad,tht,False
208.28,-53.34,0.0,top,H2,,MountingHole_3.2mm_M3_Pad_Via,MountingHole_Pad,tht,False
160.02,-139.7,0.0,top,H3,,MountingHole_3.2mm_M3_Pad_Via,MountingHole_Pad,tht,False
208.28,-139.7,0.0,top,H4,,MountingHole_3.2mm_M3_Pad_Via,MountingHole_Pad,tht,False
166.497,-114.083,-90.0,top,IC1,,Analog_LT1001_CS8,LT1001CS8#PBF,smt,True
174.117,-56.617,0.0,top,J1,,AMASS_XT60PW-M,XT60PW-M,tht,True
172.618,-91.958,0.0,top,J2,,PinSocket_1x04_P2.54mm_Vertical,POWER,tht,True
170.459,-127.02,0.0,top,J3,,PinSocket_1x02_P2.54mm_Vertical,I2C,tht,True
155.448,-127.0,0.0,top,J4,,PinSocket_1x02_P2.54mm_Vertical,Serial,tht,True
197.104,-125.237,0.0,top,J5,,PinSocket_1x03_P2.54mm_Vertical,SPI,tht,True
212.852,-124.968,0.0,top,J6,,PinSocket_1x04_P2.54mm_Vertical,GPIO,tht,True
156.564,-81.447,-90.0,top,J7,,TERMBLOCK_OSTTE060104,Screw_Terminal_01x06,smt,True
211.836,-73.122,-90.0,top,J8,,TERMBLOCK_OSTTE060104,Screw_Terminal_01x06,smt,True
172.6184,-85.964,90.0,bottom,JP1,,SolderJumper-2_P1.3mm_Open_RoundedPad1.0x1.5mm,Jumper_2_Open,tht,True
165.1,-87.884,180.0,bottom,JP2,,SolderJumper-2_P1.3mm_Open_RoundedPad1.0x1.5mm,Jumper_2_Open,tht,True
166.84,-51.358,0.0,bottom,JP3,,SolderJumper,Jumper_2_Open,tht,True
201.46,-50.75,180.0,bottom,JP4,,SolderJumper,Jumper_2_Open,tht,True
166.332,-142.798,0.0,bottom,JP5,,SolderJumper,Jumper_2_Open,tht,True
201.968,-142.698,180.0,bottom,JP6,,SolderJumper,Jumper_2_Open,tht,True
159.7858,-65.2018,180.0,top,L1,,IND_SRN8040TA-6R8M,6.8uH,smt,True
162.4076,-77.089,0.0,bottom,R1,,R_0805_2012Metric_Pad1.20x1.40mm_HandSolder,150,smt,True
178.816,-99.822,180.0,bottom,R10,,R_0805_2012Metric_Pad1.20x1.40mm_HandSolder,100k,smt,True
162.179,-101.1682,-90.0,bottom,R11,,R_0805_2012Metric_Pad1.20x1.40mm_HandSolder,R,smt,True
175.26,-108.204,90.0,bottom,R12,,R_0805_2012Metric_Pad1.20x1.40mm_HandSolder,R,smt,True
173.228,-108.204,90.0,bottom,R13,,R_0805_2012Metric_Pad1.20x1.40mm_HandSolder,R,smt,True
171.196,-108.22,-90.0,bottom,R14,,R_0805_2012Metric_Pad1.20x1.40mm_HandSolder,4.7k,smt,True
196.0372,-108.204,90.0,top,R2,,R_0805_2012Metric_Pad1.20x1.40mm_HandSolder,4.7k,smt,True
165.608,-115.181,-90.0,bottom,R3,,R_0805_2012Metric_Pad1.20x1.40mm_HandSolder,1K,smt,True
169.672,-115.181,-90.0,bottom,R4,,R_0805_2012Metric_Pad1.20x1.40mm_HandSolder,1K,smt,True
163.576,-115.189,-90.0,bottom,R5,,R_0805_2012Metric_Pad1.20x1.40mm_HandSolder,5K,smt,True
162.4076,-77.0382,0.0,top,R6,,R_0805_2012Metric_Pad1.20x1.40mm_HandSolder,220k,smt,True
165.5826,-73.7456,90.0,top,R7,,R_0805_2012Metric_Pad1.20x1.40mm_HandSolder,41.2k,smt,True
171.704,-115.189,-90.0,bottom,R8,,R_0805_2012Metric_Pad1.20x1.40mm_HandSolder,5K,smt,True
178.816,-97.79,0.0,bottom,R9,,R_0805_2012Metric_Pad1.20x1.40mm_HandSolder,300k,smt,True
165.227,-92.456,180.0,bottom,R_Shunt1,,R_2816_7142Metric_Pad3.20x4.45mm_HandSolder,0.05,smt,True
191.647,-78.610832,-90.0,top,TP1,,TestPoint_Pad_D1.0mm,GND,tht,False
180.34,-74.93,-90.0,top,TP2,,TestPoint_Pad_D1.0mm,+5V,tht,False
188.468,-74.93,0.0,top,TP3,,TestPoint_Pad_D1.0mm,+3.3V,tht,False
176.53,-78.610832,0.0,top,TP4,,TestPoint_Pad_D1.0mm,VIN,tht,False
178.816,-92.5195,-90.0,bottom,U1,,SOT223-5_DIO,AZ1117IH-5.0TRG1,smt,True
203.454,-98.171,180.0,top,U2,,TO-92_Inline,DS18B20,tht,True
194.82,-60.96,0.0,top,U3,,XDCR_MPXV7002DP,MAX31850KATB+T,smt,True
162.0794,-71.7178,0.0,top,U4,,AP63356 (V-DFN3020-13),AP63357,tht,True
184.596667,-112.522,0.0,top,U5,,MODULE_DEV-16771,DEV-16771,tht,False
197.866,-74.938,180.0,top,U6,,SON50P300X400X80-11N,MAX31850KATB+T,smt,True
197.866,-81.796,180.0,top,U7,,SON50P300X400X80-11N,MAX31850KATB+T,smt,True
197.866,-88.9,180.0,top,U8,,SON50P300X400X80-11N,MAX31850KATB+T,smt,True
