﻿designator,quantity,value,pack,mpn,mount_type
BT1,1,Battery_Cell,BatteryHolder_Keystone_1060_1x2032,,smt
"C1, C12, C13",3,22uF,C_0805_2012Metric_Pad1.18x1.45mm_HandSolder,,smt
"C10, C11, C5, C9",4,0.01uF,C_0805_2012Metric_Pad1.18x1.45mm_HandSolder,,smt
"C14, C15, C16, C7",4,0.1uF,C_0805_2012Metric_Pad1.18x1.45mm_HandSolder,,smt
"C2, C3",2,10uF,C_0805_2012Metric_Pad1.18x1.45mm_HandSolder,,smt
C4,1,470pF,C_0805_2012Metric_Pad1.18x1.45mm_HandSolder,,smt
C6,1,1.0uF,C_0805_2012Metric_Pad1.18x1.45mm_HandSolder,,smt
C8,1,47pF,C_0805_2012Metric_Pad1.18x1.45mm_HandSolder,,smt
D1,1,CMD17-21VRD/TR8,OSRAM_0805,,smt
D2,1,CMD17-21VGD/TR8,OSRAM_0805,,smt
D3,1,SPHV12-01ETG-C,D_SOD-882_DFN1006-2_TVS,,tht
D4,1,BAT165A,D_SOD-323_HandSoldering,,smt
F1,1,1.5A,Fuse_0805_2012Metric_Pad1.15x1.40mm_HandSolder,,smt
"FB1, FB2, FB3, FB4, FB5, FB6",6,2508056017Y2,Ferrite_0805_2012Metric_Pad1.05x1.20mm_BigPads,,smt
"H1, H2, H3, H4",4,MountingHole_Pad,MountingHole_3.2mm_M3_Pad_Via,,tht
IC1,1,LT1001CS8#PBF,Analog_LT1001_CS8,,smt
J1,1,XT60PW-M,AMASS_XT60PW-M,,tht
J2,1,POWER,PinSocket_1x04_P2.54mm_Vertical,,tht
J3,1,I2C,PinSocket_1x02_P2.54mm_Vertical,,tht
J4,1,Serial,PinSocket_1x02_P2.54mm_Vertical,,tht
J5,1,SPI,PinSocket_1x03_P2.54mm_Vertical,,tht
J6,1,GPIO,PinSocket_1x04_P2.54mm_Vertical,,tht
"J7, J8",2,Screw_Terminal_01x06,TERMBLOCK_OSTTE060104,,smt
"JP1, JP2",2,Jumper_2_Open,SolderJumper-2_P1.3mm_Open_RoundedPad1.0x1.5mm,,tht
"JP3, JP4, JP5, JP6",4,Jumper_2_Open,SolderJumper,,tht
L1,1,6.8uH,IND_SRN8040TA-6R8M,,smt
R1,1,150,R_0805_2012Metric_Pad1.20x1.40mm_HandSolder,,smt
R10,1,100k,R_0805_2012Metric_Pad1.20x1.40mm_HandSolder,,smt
"R11, R12, R13",3,R,R_0805_2012Metric_Pad1.20x1.40mm_HandSolder,,smt
"R14, R2",2,4.7k,R_0805_2012Metric_Pad1.20x1.40mm_HandSolder,,smt
"R3, R4",2,1K,R_0805_2012Metric_Pad1.20x1.40mm_HandSolder,,smt
"R5, R8",2,5K,R_0805_2012Metric_Pad1.20x1.40mm_HandSolder,,smt
R6,1,220k,R_0805_2012Metric_Pad1.20x1.40mm_HandSolder,,smt
R7,1,41.2k,R_0805_2012Metric_Pad1.20x1.40mm_HandSolder,,smt
R9,1,300k,R_0805_2012Metric_Pad1.20x1.40mm_HandSolder,,smt
R_Shunt1,1,0.05,R_2816_7142Metric_Pad3.20x4.45mm_HandSolder,,smt
TP1,1,GND,TestPoint_Pad_D1.0mm,,tht
TP2,1,+5V,TestPoint_Pad_D1.0mm,,tht
TP3,1,+3.3V,TestPoint_Pad_D1.0mm,,tht
TP4,1,VIN,TestPoint_Pad_D1.0mm,,tht
U1,1,AZ1117IH-5.0TRG1,SOT223-5_DIO,,smt
U2,1,DS18B20,TO-92_Inline,,tht
U3,1,MAX31850KATB+T,XDCR_MPXV7002DP,,smt
U4,1,AP63357,AP63356 (V-DFN3020-13),,tht
U5,1,DEV-16771,MODULE_DEV-16771,,tht
"U6, U7, U8",3,MAX31850KATB+T,SON50P300X400X80-11N,,smt
