﻿designator,quantity,value,pack,mpn,mount_type
BT1,1,Battery_Cell,BatteryHolder_Keystone_3002_1x2032,,smt
"C1, C2, C3",3,100n,C_0805_2012Metric_Pad1.18x1.45mm_HandSolder,,smt
C10,1,0.33uF,C_0805_2012Metric_Pad1.18x1.45mm_HandSolder,,smt
"C11, C12",2,22uF,C_0805_2012Metric_Pad1.18x1.45mm_HandSolder,,smt
"C13, C5, C6, C7",4,0.1uF,C_0805_2012Metric_Pad1.18x1.45mm_HandSolder,,smt
C4,1,10uF,C_0805_2012Metric_Pad1.18x1.45mm_HandSolder,,smt
C8,1,0.1u,C_0805_2012Metric_Pad1.18x1.45mm_HandSolder,,smt
C9,1,47pF,C_0805_2012Metric_Pad1.18x1.45mm_HandSolder,,smt
D1,1,OSRAM_LSR976-NR-1,OSRAM_0805,,smt
D2,1,OSRAM_LGR971-KN-1,OSRAM_0805,,smt
"H1, H2, H3, H4",4,MountingHole_Pad,MountingHole_3.2mm_M3_Pad_Via,,tht
"J1, J3",2,Screw_Terminal_01x06,TERMBLOCK_OSTTE060104,,smt
J2,1,XT60PW-M,AMASS_XT60-M_1x02_P7.20mm_Vertical,,tht
J4,1,POWER,PinSocket_1x04_P2.54mm_Vertical,,tht
J5,1,GPIO,PinSocket_1x04_P2.54mm_Vertical,,tht
J6,1,SPI,PinSocket_1x03_P2.54mm_Vertical,,tht
J7,1,I2C,PinSocket_1x02_P2.54mm_Vertical,,tht
J9,1,Serial,PinSocket_1x02_P2.54mm_Vertical,,tht
JP1,1,Jumper_3_Open,SolderJumper-3_P1.3mm_Open_RoundedPad1.0x1.5mm,,tht
JP2,1,Jumper_2_Open,SolderJumper,,tht
L1,1,6.8uH,IND_SRN8040TA-6R8M,,smt
"R1, R2, R6",3,R,R_0805_2012Metric_Pad1.20x1.40mm_HandSolder,,smt
R3,1,4.7k,R_0805_2012Metric_Pad1.20x1.40mm_HandSolder,,smt
R4,1,220k,R_0805_2012Metric_Pad1.20x1.40mm_HandSolder,,smt
R5,1,41.2k,R_0805_2012Metric_Pad1.20x1.40mm_HandSolder,,smt
R7,1,200k,R_0805_2012Metric_Pad1.20x1.40mm_HandSolder,,smt
R8,1,100k,R_0805_2012Metric_Pad1.20x1.40mm_HandSolder,,smt
TP1,1,GND,TestPoint_Pad_D1.0mm,,tht
TP2,1,+5V,TestPoint_Pad_D1.0mm,,tht
TP3,1,VIN,TestPoint_Pad_D1.0mm,,tht
"U1, U2, U3",3,MAX31855KASA,SOIC-8_3.9x4.9mm_P1.27mm,,smt
U4,1,AP63357,AP63356 (V-DFN3020-13),,tht
U5,1,DS18B20,TO-92_Inline,,tht
U6,1,NJM7805SDL1-TE1,TO-252-3-L1_NMD,,smt
U7,1,DEV-16771,MODULE_DEV-16771,,tht
U8,1,MPXV7002DP,XDCR_MPXV7002DP,,smt
