﻿pos_x,pos_y,rotation,side,designator,mpn,pack,value,mount_type,place
184.05,-136.144,180.0,bottom,BT1,,BatteryHolder_Keystone_3002_1x2032,Battery_Cell,smt,True
199.136,-77.825601,0.0,bottom,C1,,C_0805_2012Metric_Pad1.18x1.45mm_HandSolder,100n,smt,True
173.99,-81.28,0.0,bottom,C10,,C_0805_2012Metric_Pad1.18x1.45mm_HandSolder,0.33uF,smt,True
177.4516,-60.4305,90.0,top,C11,,C_0805_2012Metric_Pad1.18x1.45mm_HandSolder,22uF,smt,True
177.4516,-65.0455,-90.0,top,C12,,C_0805_2012Metric_Pad1.18x1.45mm_HandSolder,22uF,smt,True
173.99,-73.66,0.0,bottom,C13,,C_0805_2012Metric_Pad1.18x1.45mm_HandSolder,0.1uF,smt,True
199.136,-82.194399,0.0,bottom,C2,,C_0805_2012Metric_Pad1.18x1.45mm_HandSolder,100n,smt,True
199.136,-86.5632,0.0,bottom,C3,,C_0805_2012Metric_Pad1.18x1.45mm_HandSolder,100n,smt,True
172.6256,-56.642,-90.0,top,C4,,C_0805_2012Metric_Pad1.18x1.45mm_HandSolder,10uF,smt,True
199.136,-75.641202,180.0,bottom,C5,,C_0805_2012Metric_Pad1.18x1.45mm_HandSolder,0.1uF,smt,True
199.136,-80.01,180.0,bottom,C6,,C_0805_2012Metric_Pad1.18x1.45mm_HandSolder,0.1uF,smt,True
199.136,-84.378798,180.0,bottom,C7,,C_0805_2012Metric_Pad1.18x1.45mm_HandSolder,0.1uF,smt,True
165.7676,-59.182,-90.0,top,C8,,C_0805_2012Metric_Pad1.18x1.45mm_HandSolder,0.1u,smt,True
168.9354,-53.594,180.0,top,C9,,C_0805_2012Metric_Pad1.18x1.45mm_HandSolder,47pF,smt,True
180.34,-64.77,90.0,top,D1,,OSRAM_0805,OSRAM_LSR976-NR-1,smt,True
212.344,-99.822,180.0,top,D2,,OSRAM_0805,OSRAM_LGR971-KN-1,smt,True
184.15,-88.9,0.0,top,G1,,LOGO,LOGO,tht,False
160.02,-53.34,0.0,top,H1,,MountingHole_3.2mm_M3_Pad_Via,MountingHole_Pad,tht,False
208.28,-53.34,0.0,top,H2,,MountingHole_3.2mm_M3_Pad_Via,MountingHole_Pad,tht,False
160.02,-139.7,0.0,top,H3,,MountingHole_3.2mm_M3_Pad_Via,MountingHole_Pad,tht,False
208.28,-139.7,0.0,top,H4,,MountingHole_3.2mm_M3_Pad_Via,MountingHole_Pad,tht,False
211.836,-73.122,-90.0,top,J1,,TERMBLOCK_OSTTE060104,Screw_Terminal_01x06,smt,True
157.226,-72.136,90.0,top,J2,,AMASS_XT60-M_1x02_P7.20mm_Vertical,XT60PW-M,tht,True
156.564,-81.447,-90.0,top,J3,,TERMBLOCK_OSTTE060104,Screw_Terminal_01x06,smt,True
167.64,-91.948,0.0,top,J4,,PinSocket_1x04_P2.54mm_Vertical,POWER,tht,True
212.852,-124.968,0.0,top,J5,,PinSocket_1x04_P2.54mm_Vertical,GPIO,tht,True
197.104,-126.492,0.0,top,J6,,PinSocket_1x03_P2.54mm_Vertical,SPI,tht,True
169.951,-127.02,0.0,top,J7,,PinSocket_1x02_P2.54mm_Vertical,I2C,tht,True
155.448,-127.0,0.0,top,J9,,PinSocket_1x02_P2.54mm_Vertical,Serial,tht,True
170.18,-75.946,90.0,top,JP1,,SolderJumper-3_P1.3mm_Open_RoundedPad1.0x1.5mm,Jumper_3_Open,tht,False
204.94,-131.318,180.0,bottom,JP2,,SolderJumper,Jumper_2_Open,tht,True
171.5786,-63.246,0.0,top,L1,,IND_SRN8040TA-6R8M,6.8uH,smt,True
173.99,-71.12,0.0,bottom,R1,,R_0805_2012Metric_Pad1.20x1.40mm_HandSolder,R,smt,True
199.136,-91.186,180.0,bottom,R2,,R_0805_2012Metric_Pad1.20x1.40mm_HandSolder,R,smt,True
199.136,-88.9,0.0,bottom,R3,,R_0805_2012Metric_Pad1.20x1.40mm_HandSolder,4.7k,smt,True
168.91,-51.4096,180.0,top,R4,,R_0805_2012Metric_Pad1.20x1.40mm_HandSolder,220k,smt,True
165.7676,-54.61,-90.0,top,R5,,R_0805_2012Metric_Pad1.20x1.40mm_HandSolder,41.2k,smt,True
161.798,-95.504,0.0,bottom,R6,,R_0805_2012Metric_Pad1.20x1.40mm_HandSolder,R,smt,True
173.99,-76.22,0.0,bottom,R7,,R_0805_2012Metric_Pad1.20x1.40mm_HandSolder,200k,smt,True
173.99,-78.74,180.0,bottom,R8,,R_0805_2012Metric_Pad1.20x1.40mm_HandSolder,100k,smt,True
187.452,-72.39,90.0,top,TP1,,TestPoint_Pad_D1.0mm,GND,tht,True
183.769,-72.39,90.0,top,TP2,,TestPoint_Pad_D1.0mm,+5V,tht,True
180.086,-72.39,0.0,top,TP3,,TestPoint_Pad_D1.0mm,VIN,tht,True
199.39,-74.366,180.0,top,U1,,SOIC-8_3.9x4.9mm_P1.27mm,MAX31855KASA,smt,True
199.39,-81.605,180.0,top,U2,,SOIC-8_3.9x4.9mm_P1.27mm,MAX31855KASA,smt,True
199.39,-88.971,180.0,top,U3,,SOIC-8_3.9x4.9mm_P1.27mm,MAX31855KASA,smt,True
169.285,-56.73,180.0,top,U4,,AP63356 (V-DFN3020-13),AP63357,tht,True
200.406,-98.298,180.0,top,U5,,TO-92_Inline,DS18B20,tht,True
165.867999,-81.4832,0.0,bottom,U6,,TO-252-3-L1_NMD,NJM7805SDL1-TE1,smt,True
184.596667,-112.522,0.0,top,U7,,MODULE_DEV-16771,DEV-16771,tht,False
194.31,-60.96,0.0,top,U8,,XDCR_MPXV7002DP,MPXV7002DP,smt,True
