﻿designator,quantity,value,pack,mpn,mount_type
BT1,1,Battery_Cell,BatteryHolder_Keystone_1060_1x2032,  1060,smt
"C1, C10, C9",3,22uF,C_0805_2012Metric_Pad1.18x1.45mm_HandSolder,CC0805MKX5R8BB226,smt
"C11, C12, C13, C3",4,0.01uF,C_0805_2012Metric_Pad1.18x1.45mm_HandSolder,CC0805JRX7R9BB103,smt
"C14, C15, C16, C6",4,0.1uF,C_0805_2012Metric_Pad1.18x1.45mm_HandSolder,CC0805JRX7R9BB104,smt
"C2, C8",2,10uF,C_0805_2012Metric_Pad1.18x1.45mm_HandSolder,CC0805KKX5R8BB106,smt
C4,1,1.0uF,C_0805_2012Metric_Pad1.18x1.45mm_HandSolder,  CC0805JKX7R9BB105,smt
C5,1,470pF,C_0805_2012Metric_Pad1.18x1.45mm_HandSolder,CC0805JRNPO9BN471,smt
C7,1,47pF,C_0805_2012Metric_Pad1.18x1.45mm_HandSolder,CC0805JRNPO9BN470,smt
D1,1,CMD17-21VRD/TR8,OSRAM_0805,CMD17-21VRD/TR8,smt
D2,1,CMD17-21VGD/TR8,OSRAM_0805,CMD17-21VGD/TR8,smt
D3,1,SPHV12-01ETG-C,D_SOD-882_DFN1006-2_TVS,SPHV12-01ETG-C,tht
D4,1,BAT165AX,D_SOD-323_HandSoldering,BAT165AX,smt
F1,1,500mA,Fuse_1206_3216Metric_Pad1.42x1.75mm_HandSolder,  1206L050/15YR,smt
"H1, H2, H3, H4",4,MountingHole_Pad,MountingHole_3.2mm_M3_Pad_Via,,tht
IC1,1,LT1001CS8#PBF,Analog_LT1001_CS8,  LT1001CS8#PBF,smt
J1,1,XT60PW-M,AMASS_XT60PW-M,XT60PW-M,tht
J2,1,POWER,PinSocket_1x04_P2.54mm_Vertical,0901471104,tht
J3,1,I2C,PinSocket_1x02_P2.54mm_Vertical,0901471102,tht
J4,1,Serial,PinSocket_1x02_P2.54mm_Vertical,0901471102,tht
J5,1,SPI,PinSocket_1x03_P2.54mm_Vertical,0901471103,tht
J6,1,GPIO,PinSocket_1x04_P2.54mm_Vertical,0901471104,tht
"J7, J8",2,Screw_Terminal_01x06,TERMBLOCK_OSTTE060104,  OSTTE060104,smt
"JP1, JP2",2,Jumper_2_Open,SolderJumper-2_P1.3mm_Open_RoundedPad1.0x1.5mm,,tht
"JP3, JP4, JP5, JP6",4,Jumper_2_Open,SolderJumper,,tht
L1,1,6.8uH,IND_SRN8040TA-6R8M, SRN8040TA-6R8M,smt
R1,1,150,R_0805_2012Metric_Pad1.20x1.40mm_HandSolder,RC0805FR-07150RL,smt
R10,1,300k,R_0805_2012Metric_Pad1.20x1.40mm_HandSolder,RC0805JR-07300KL,smt
R11,1,100k,R_0805_2012Metric_Pad1.20x1.40mm_HandSolder,RC0805FR-07100KL,smt
R12,1,R,R_0805_2012Metric_Pad1.20x1.40mm_HandSolder,,smt
"R13, R14, R15, R3",4,4.7k,R_0805_2012Metric_Pad1.20x1.40mm_HandSolder,RC0805FR-074K7L,smt
R2,1,62,R_0805_2012Metric_Pad1.20x1.40mm_HandSolder,RC0805FR-0762RL,smt
"R4, R5",2,1K,R_0805_2012Metric_Pad1.20x1.40mm_HandSolder,RC0805FR-071KL,smt
"R6, R9",2,5.1K,R_0805_2012Metric_Pad1.20x1.40mm_HandSolder,RC0805FR-075K1L,smt
R7,1,220k,R_0805_2012Metric_Pad1.20x1.40mm_HandSolder,RC0805JR-07220KL,smt
R8,1,41.2k,R_0805_2012Metric_Pad1.20x1.40mm_HandSolder,RC0805FR-0741K2L,smt
R_Shunt1,1,0.05,R_2816_7142Metric_Pad3.20x4.45mm_HandSolder,WSHP2818R0500FEA,smt
TP1,1,GND,TestPoint_Pad_D1.0mm,,tht
TP2,1,+5V,TestPoint_Pad_D1.0mm,,tht
TP3,1,+3V3,TestPoint_Pad_D1.0mm,,tht
TP4,1,VIN,TestPoint_Pad_D1.0mm,,tht
U1,1,DS18B20+,TO-92_Inline,DS18B20+,tht
U2,1,AZ1117IH-5.0TRG1,SOT223-5_DIO,  AZ1117IH-5.0TRG1,smt
U3,1,MPXV7002DP,XDCR_MPXV7002DP,  MPXV7002DP,smt
U4,1,AP63357QZV-7,AP63356 (V-DFN3020-13),AP63357QZV-7,tht
U5,1,Teensy 4.1,MODULE_DEV-16771,DEV-16996,tht
"U6, U7, U8",3,MAX31850KATB+T,SON50P300X400X80-11N,MAX31850KATB+T,smt
