﻿pos_x,pos_y,rotation,side,designator,mpn,pack,value,mount_type,place
184.05,-136.271,180.0,bottom,BT1,  1060,BatteryHolder_Keystone_1060_1x2032,Battery_Cell,smt,True
182.118,-88.1165,90.0,bottom,C1,CC0805MKX5R8BB226,C_0805_2012Metric_Pad1.18x1.45mm_HandSolder,22uF,smt,True
157.3418,-64.8208,0.0,bottom,C10,CC0805MKX5R8BB226,C_0805_2012Metric_Pad1.18x1.45mm_HandSolder,22uF,smt,True
209.296,-74.676,-90.0,bottom,C11,CC0805JRX7R9BB103,C_0805_2012Metric_Pad1.18x1.45mm_HandSolder,0.01uF,smt,True
209.296,-81.661,-90.0,bottom,C12,CC0805JRX7R9BB103,C_0805_2012Metric_Pad1.18x1.45mm_HandSolder,0.01uF,smt,True
209.296,-88.646,-90.0,bottom,C13,CC0805JRX7R9BB103,C_0805_2012Metric_Pad1.18x1.45mm_HandSolder,0.01uF,smt,True
204.216,-74.6975,-90.0,bottom,C14,CC0805JRX7R9BB104,C_0805_2012Metric_Pad1.18x1.45mm_HandSolder,0.1uF,smt,True
204.216,-88.6675,-90.0,bottom,C15,CC0805JRX7R9BB104,C_0805_2012Metric_Pad1.18x1.45mm_HandSolder,0.1uF,smt,True
204.216,-81.5555,-90.0,bottom,C16,CC0805JRX7R9BB104,C_0805_2012Metric_Pad1.18x1.45mm_HandSolder,0.1uF,smt,True
158.8912,-71.7804,90.0,top,C2,CC0805KKX5R8BB106,C_0805_2012Metric_Pad1.18x1.45mm_HandSolder,10uF,smt,True
192.024,-60.96,-90.0,bottom,C3,CC0805JRX7R9BB103,C_0805_2012Metric_Pad1.18x1.45mm_HandSolder,0.01uF,smt,True
189.865,-60.96,-90.0,bottom,C4,  CC0805JKX7R9BB105,C_0805_2012Metric_Pad1.18x1.45mm_HandSolder,1.0uF,smt,True
194.183,-60.96,90.0,bottom,C5,CC0805JRNPO9BN471,C_0805_2012Metric_Pad1.18x1.45mm_HandSolder,470pF,smt,True
165.5968,-68.8848,90.0,top,C6,CC0805JRX7R9BB104,C_0805_2012Metric_Pad1.18x1.45mm_HandSolder,0.1uF,smt,True
162.429,-74.8538,0.0,top,C7,CC0805JRNPO9BN470,C_0805_2012Metric_Pad1.18x1.45mm_HandSolder,47pF,smt,True
179.832,-88.1165,90.0,bottom,C8,CC0805KKX5R8BB106,C_0805_2012Metric_Pad1.18x1.45mm_HandSolder,10uF,smt,True
157.3418,-67.1068,0.0,bottom,C9,CC0805MKX5R8BB226,C_0805_2012Metric_Pad1.18x1.45mm_HandSolder,22uF,smt,True
172.7962,-84.8614,0.0,top,D1,CMD17-21VRD/TR8,OSRAM_0805,CMD17-21VRD/TR8,smt,True
172.7962,-87.1728,180.0,top,D2,CMD17-21VGD/TR8,OSRAM_0805,CMD17-21VGD/TR8,smt,True
156.464,-78.486,-90.0,bottom,D3,SPHV12-01ETG-C,D_SOD-882_DFN1006-2_TVS,SPHV12-01ETG-C,tht,True
159.512,-87.63,90.0,bottom,D4,BAT165AX,D_SOD-323_HandSoldering,BAT165AX,smt,True
159.512,-82.931,-90.0,bottom,F1,  1206L050/15YR,Fuse_1206_3216Metric_Pad1.42x1.75mm_HandSolder,500mA,smt,True
184.15,-87.122,0.0,top,G1,,LOGO,LOGO,tht,False
160.02,-53.34,0.0,top,H1,,MountingHole_3.2mm_M3_Pad_Via,MountingHole_Pad,tht,False
208.28,-53.34,0.0,top,H2,,MountingHole_3.2mm_M3_Pad_Via,MountingHole_Pad,tht,False
160.02,-139.7,0.0,top,H3,,MountingHole_3.2mm_M3_Pad_Via,MountingHole_Pad,tht,False
208.28,-139.7,0.0,top,H4,,MountingHole_3.2mm_M3_Pad_Via,MountingHole_Pad,tht,False
166.497,-114.083,-90.0,top,IC1,  LT1001CS8#PBF,Analog_LT1001_CS8,LT1001CS8#PBF,smt,True
174.117,-56.617,0.0,top,J1,XT60PW-M,AMASS_XT60PW-M,XT60PW-M,tht,True
172.618,-91.958,0.0,top,J2,0901471104,PinSocket_1x04_P2.54mm_Vertical,POWER,tht,True
170.459,-127.02,0.0,top,J3,0901471102,PinSocket_1x02_P2.54mm_Vertical,I2C,tht,True
155.448,-127.0,0.0,top,J4,0901471102,PinSocket_1x02_P2.54mm_Vertical,Serial,tht,True
197.104,-125.237,0.0,top,J5,0901471103,PinSocket_1x03_P2.54mm_Vertical,SPI,tht,True
212.852,-124.968,0.0,top,J6,0901471104,PinSocket_1x04_P2.54mm_Vertical,GPIO,tht,True
156.564,-81.447,-90.0,top,J7,  OSTTE060104,TERMBLOCK_OSTTE060104,Screw_Terminal_01x06,smt,True
211.836,-73.122,-90.0,top,J8,  OSTTE060104,TERMBLOCK_OSTTE060104,Screw_Terminal_01x06,smt,True
172.6184,-85.964,90.0,bottom,JP1,,SolderJumper-2_P1.3mm_Open_RoundedPad1.0x1.5mm,Jumper_2_Open,tht,False
165.1,-87.884,180.0,bottom,JP2,,SolderJumper-2_P1.3mm_Open_RoundedPad1.0x1.5mm,Jumper_2_Open,tht,False
166.84,-50.85,0.0,bottom,JP3,,SolderJumper,Jumper_2_Open,tht,False
201.46,-50.75,180.0,bottom,JP4,,SolderJumper,Jumper_2_Open,tht,False
166.332,-142.798,0.0,bottom,JP5,,SolderJumper,Jumper_2_Open,tht,False
201.968,-142.698,180.0,bottom,JP6,,SolderJumper,Jumper_2_Open,tht,False
159.7858,-65.2018,180.0,top,L1, SRN8040TA-6R8M,IND_SRN8040TA-6R8M,6.8uH,smt,True
162.4076,-77.089,0.0,bottom,R1,RC0805FR-07150RL,R_0805_2012Metric_Pad1.20x1.40mm_HandSolder,150,smt,True
178.816,-99.822,0.0,bottom,R10,RC0805JR-07300KL,R_0805_2012Metric_Pad1.20x1.40mm_HandSolder,300k,smt,True
178.816,-101.854,180.0,bottom,R11,RC0805FR-07100KL,R_0805_2012Metric_Pad1.20x1.40mm_HandSolder,100k,smt,True
160.782,-100.06,90.0,bottom,R12,,R_0805_2012Metric_Pad1.20x1.40mm_HandSolder,R,smt,True
175.26,-108.204,90.0,bottom,R13,RC0805FR-074K7L,R_0805_2012Metric_Pad1.20x1.40mm_HandSolder,4.7k,smt,True
173.228,-108.204,90.0,bottom,R14,RC0805FR-074K7L,R_0805_2012Metric_Pad1.20x1.40mm_HandSolder,4.7k,smt,True
171.196,-108.204,-90.0,bottom,R15,RC0805FR-074K7L,R_0805_2012Metric_Pad1.20x1.40mm_HandSolder,4.7k,smt,True
183.3372,-108.204,90.0,bottom,R2,RC0805FR-0762RL,R_0805_2012Metric_Pad1.20x1.40mm_HandSolder,62,smt,True
196.0372,-101.092,-90.0,bottom,R3,RC0805FR-074K7L,R_0805_2012Metric_Pad1.20x1.40mm_HandSolder,4.7k,smt,True
165.608,-115.181,-90.0,bottom,R4,RC0805FR-071KL,R_0805_2012Metric_Pad1.20x1.40mm_HandSolder,1K,smt,True
169.672,-115.181,-90.0,bottom,R5,RC0805FR-071KL,R_0805_2012Metric_Pad1.20x1.40mm_HandSolder,1K,smt,True
163.576,-115.189,-90.0,bottom,R6,RC0805FR-075K1L,R_0805_2012Metric_Pad1.20x1.40mm_HandSolder,5.1K,smt,True
162.4076,-77.0382,0.0,top,R7,RC0805JR-07220KL,R_0805_2012Metric_Pad1.20x1.40mm_HandSolder,220k,smt,True
165.5826,-73.7456,90.0,top,R8,RC0805FR-0741K2L,R_0805_2012Metric_Pad1.20x1.40mm_HandSolder,41.2k,smt,True
171.704,-115.189,-90.0,bottom,R9,RC0805FR-075K1L,R_0805_2012Metric_Pad1.20x1.40mm_HandSolder,5.1K,smt,True
165.227,-92.456,180.0,bottom,R_Shunt1,WSHP2818R0500FEA,R_2816_7142Metric_Pad3.20x4.45mm_HandSolder,0.05,smt,True
191.647,-78.610832,-90.0,top,TP1,,TestPoint_Pad_D1.0mm,GND,tht,False
179.832,-74.93,-90.0,top,TP2,,TestPoint_Pad_D1.0mm,+5V,tht,False
188.468,-74.93,0.0,top,TP3,,TestPoint_Pad_D1.0mm,+3V3,tht,False
176.53,-78.610832,0.0,top,TP4,,TestPoint_Pad_D1.0mm,VIN,tht,False
203.454,-98.171,180.0,top,U1,DS18B20+,TO-92_Inline,DS18B20+,tht,True
181.102,-94.234,90.0,bottom,U2,  AZ1117IH-5.0TRG1,SOT223-5_DIO,AZ1117IH-5.0TRG1,smt,True
194.82,-60.96,0.0,top,U3,  MPXV7002DP,XDCR_MPXV7002DP,MPXV7002DP,smt,True
162.0794,-71.7178,0.0,top,U4,AP63357QZV-7,AP63356 (V-DFN3020-13),AP63357QZV-7,tht,True
184.596667,-112.522,0.0,top,U5,DEV-16996,MODULE_DEV-16771,Teensy 4.1,tht,False
197.866,-74.938,180.0,top,U6,MAX31850KATB+T,SON50P300X400X80-11N,MAX31850KATB+T,smt,True
197.866,-81.796,180.0,top,U7,MAX31850KATB+T,SON50P300X400X80-11N,MAX31850KATB+T,smt,True
197.866,-88.9,180.0,top,U8,MAX31850KATB+T,SON50P300X400X80-11N,MAX31850KATB+T,smt,True
