﻿pos_x,pos_y,rotation,side,designator,mpn,pack,value,mount_type,place
184.05,-136.271,180.0,bottom,BT1,,BatteryHolder_Keystone_1060_1x2032,Battery_Cell,smt,True
170.9205,-78.232,180.0,bottom,C1,,C_0805_2012Metric_Pad1.18x1.45mm_HandSolder,22uF,smt,True
167.2844,-75.1801,-90.0,top,C10,,C_0805_2012Metric_Pad1.18x1.45mm_HandSolder,22uF,smt,True
199.136,-77.825601,0.0,bottom,C11,,C_0805_2012Metric_Pad1.18x1.45mm_HandSolder,100n,smt,True
199.136,-82.194399,0.0,bottom,C12,,C_0805_2012Metric_Pad1.18x1.45mm_HandSolder,100n,smt,True
199.136,-86.5632,0.0,bottom,C13,,C_0805_2012Metric_Pad1.18x1.45mm_HandSolder,100n,smt,True
199.136,-75.641202,180.0,bottom,C14,,C_0805_2012Metric_Pad1.18x1.45mm_HandSolder,0.1uF,smt,True
199.136,-80.01,180.0,bottom,C15,,C_0805_2012Metric_Pad1.18x1.45mm_HandSolder,0.1uF,smt,True
199.136,-84.378798,180.0,bottom,C16,,C_0805_2012Metric_Pad1.18x1.45mm_HandSolder,0.1uF,smt,True
162.306,-66.802,-90.0,top,C2,,C_0805_2012Metric_Pad1.18x1.45mm_HandSolder,10uF,smt,True
155.6004,-69.3166,-90.0,top,C6,,C_0805_2012Metric_Pad1.18x1.45mm_HandSolder,0.1u,smt,True
158.7682,-63.7286,180.0,top,C7,,C_0805_2012Metric_Pad1.18x1.45mm_HandSolder,47pF,smt,True
170.9205,-80.518,180.0,bottom,C8,,C_0805_2012Metric_Pad1.18x1.45mm_HandSolder,10uF,smt,True
167.2844,-70.5651,90.0,top,C9,,C_0805_2012Metric_Pad1.18x1.45mm_HandSolder,22uF,smt,True
170.1728,-75.184,-90.0,top,D1,,OSRAM_0805,OSRAM_LSR976-NR-1,smt,True
212.344,-96.774,180.0,top,D2,,OSRAM_0805,OSRAM_LGR971-KN-1,smt,True
212.344,-100.076,180.0,top,D3,,OSRAM_0805,OSRAM_LSR976-NR-1,smt,True
184.15,-88.9,0.0,top,G1,,LOGO,LOGO,tht,False
160.02,-53.34,0.0,top,H1,,MountingHole_3.2mm_M3_Pad_Via,MountingHole_Pad,tht,False
208.28,-53.34,0.0,top,H2,,MountingHole_3.2mm_M3_Pad_Via,MountingHole_Pad,tht,False
160.02,-139.7,0.0,top,H3,,MountingHole_3.2mm_M3_Pad_Via,MountingHole_Pad,tht,False
208.28,-139.7,0.0,top,H4,,MountingHole_3.2mm_M3_Pad_Via,MountingHole_Pad,tht,False
166.497,-112.44,-90.0,top,IC1,,Analog_LT1001_CS8,LT1001CS8#PBF,smt,True
172.618,-91.958,0.0,top,J1,,PinSocket_1x04_P2.54mm_Vertical,POWER,tht,True
169.951,-127.02,0.0,top,J2,,PinSocket_1x02_P2.54mm_Vertical,I2C,tht,True
155.448,-127.0,0.0,top,J3,,PinSocket_1x02_P2.54mm_Vertical,Serial,tht,True
197.104,-125.237,0.0,top,J4,,PinSocket_1x03_P2.54mm_Vertical,SPI,tht,True
212.852,-124.968,0.0,top,J5,,PinSocket_1x04_P2.54mm_Vertical,GPIO,tht,True
169.99,-63.15,0.0,top,J6,,AMASS_XT60IPW-M_1x03_P7.20mm_Horizontal,XT60PW-M,tht,True
156.564,-81.447,-90.0,top,J7,,TERMBLOCK_OSTTE060104,Screw_Terminal_01x06,smt,True
211.836,-73.122,-90.0,top,J8,,TERMBLOCK_OSTTE060104,Screw_Terminal_01x06,smt,True
211.328,-61.976,-90.0,top,J9,,Molex_KK-254_AE-6410-02A_1x02_P2.54mm_Vertical,FAN,tht,True
173.452,-88.138,180.0,bottom,JP1,,SolderJumper-3_P1.3mm_Open_RoundedPad1.0x1.5mm,Jumper_3_Open,tht,False
204.94,-131.318,180.0,bottom,JP2,,SolderJumper,Jumper_2_Open,tht,True
165.1,-87.122,180.0,bottom,JP3,,SolderJumper-2_P1.3mm_Open_RoundedPad1.0x1.5mm,Jumper_2_Open,tht,True
161.4114,-73.3806,0.0,top,L1,,IND_SRN8040TA-6R8M,6.8uH,smt,True
206.9315,-64.45,0.0,bottom,Q1,,SOT-23,2N7002K,smt,True
170.18,-70.612,-90.0,top,R1,,R_0805_2012Metric_Pad1.20x1.40mm_HandSolder,R,smt,True
179.578,-94.234,180.0,bottom,R10,,R_0805_2012Metric_Pad1.20x1.40mm_HandSolder,100k,smt,True
165.608,-112.522,-90.0,bottom,R11,,R_0805_2012Metric_Pad1.20x1.40mm_HandSolder,1K,smt,True
169.672,-112.522,-90.0,bottom,R12,,R_0805_2012Metric_Pad1.20x1.40mm_HandSolder,1K,smt,True
163.576,-112.522,-90.0,bottom,R13,,R_0805_2012Metric_Pad1.20x1.40mm_HandSolder,5K,smt,True
167.64,-112.522,90.0,bottom,R14,,R_0805_2012Metric_Pad1.20x1.40mm_HandSolder,5K,smt,True
199.136,-91.186,180.0,bottom,R2,,R_0805_2012Metric_Pad1.20x1.40mm_HandSolder,R,smt,True
199.136,-88.9,0.0,bottom,R3,,R_0805_2012Metric_Pad1.20x1.40mm_HandSolder,4.7k,smt,True
161.29,-99.822,0.0,bottom,R4,,R_0805_2012Metric_Pad1.20x1.40mm_HandSolder,R,smt,True
158.7428,-61.5442,180.0,top,R5,,R_0805_2012Metric_Pad1.20x1.40mm_HandSolder,220k,smt,True
155.6004,-64.7446,-90.0,top,R6,,R_0805_2012Metric_Pad1.20x1.40mm_HandSolder,41.2k,smt,True
210.566,-69.088,0.0,bottom,R8,,R_0805_2012Metric_Pad1.20x1.40mm_HandSolder,R,smt,True
179.578,-91.948,0.0,bottom,R9,,R_0805_2012Metric_Pad1.20x1.40mm_HandSolder,300k,smt,True
165.1,-91.44,180.0,bottom,R_Shunt1,,R_2816_7142Metric_Pad3.20x4.45mm_HandSolder,0.05,smt,True
187.452,-72.39,90.0,top,TP1,,TestPoint_Pad_D1.0mm,GND,tht,False
180.086,-72.39,0.0,top,TP2,,TestPoint_Pad_D1.0mm,VIN,tht,False
183.769,-72.39,90.0,top,TP3,,TestPoint_Pad_D1.0mm,+5V,tht,False
200.406,-98.298,180.0,top,U1,,TO-92_Inline,DS18B20,tht,True
177.292,-78.74,180.0,bottom,U2,,SOT223-5_DIO,AZ1117IH-5.0TRG1,smt,True
194.31,-60.96,0.0,top,U3,,XDCR_MPXV7002DP,MPXV7002DP,smt,True
159.1178,-66.8646,180.0,top,U4,,AP63356 (V-DFN3020-13),AP63357,tht,True
184.596667,-112.522,0.0,top,U5,,MODULE_DEV-16771,DEV-16771,tht,False
199.39,-74.366,180.0,top,U6,,SOIC-8_3.9x4.9mm_P1.27mm,MAX31855KASA,smt,True
199.39,-81.605,180.0,top,U7,,SOIC-8_3.9x4.9mm_P1.27mm,MAX31855KASA,smt,True
199.39,-88.971,180.0,top,U8,,SOIC-8_3.9x4.9mm_P1.27mm,MAX31855KASA,smt,True
