﻿designator,quantity,value,pack,mpn,mount_type
BT1,1,Battery_Cell,BatteryHolder_Keystone_1060_1x2032,,smt
"C1, C10, C9",3,22uF,C_0805_2012Metric_Pad1.18x1.45mm_HandSolder,,smt
"C11, C12, C13",3,100n,C_0805_2012Metric_Pad1.18x1.45mm_HandSolder,,smt
"C14, C15, C16",3,0.1uF,C_0805_2012Metric_Pad1.18x1.45mm_HandSolder,,smt
"C2, C8",2,10uF,C_0805_2012Metric_Pad1.18x1.45mm_HandSolder,,smt
C6,1,0.1u,C_0805_2012Metric_Pad1.18x1.45mm_HandSolder,,smt
C7,1,47pF,C_0805_2012Metric_Pad1.18x1.45mm_HandSolder,,smt
"D1, D3",2,OSRAM_LSR976-NR-1,OSRAM_0805,,smt
D2,1,OSRAM_LGR971-KN-1,OSRAM_0805,,smt
"H1, H2, H3, H4",4,MountingHole_Pad,MountingHole_3.2mm_M3_Pad_Via,,tht
IC1,1,LT1001CS8#PBF,Analog_LT1001_CS8,,smt
J1,1,POWER,PinSocket_1x04_P2.54mm_Vertical,,tht
J2,1,I2C,PinSocket_1x02_P2.54mm_Vertical,,tht
J3,1,Serial,PinSocket_1x02_P2.54mm_Vertical,,tht
J4,1,SPI,PinSocket_1x03_P2.54mm_Vertical,,tht
J5,1,GPIO,PinSocket_1x04_P2.54mm_Vertical,,tht
J6,1,XT60PW-M,AMASS_XT60IPW-M_1x03_P7.20mm_Horizontal,,tht
"J7, J8",2,Screw_Terminal_01x06,TERMBLOCK_OSTTE060104,,smt
J9,1,FAN,Molex_KK-254_AE-6410-02A_1x02_P2.54mm_Vertical,,tht
JP1,1,Jumper_3_Open,SolderJumper-3_P1.3mm_Open_RoundedPad1.0x1.5mm,,tht
JP2,1,Jumper_2_Open,SolderJumper,,tht
JP3,1,Jumper_2_Open,SolderJumper-2_P1.3mm_Open_RoundedPad1.0x1.5mm,,tht
L1,1,6.8uH,IND_SRN8040TA-6R8M,,smt
Q1,1,2N7002K,SOT-23,,smt
"R1, R2, R4, R8",4,R,R_0805_2012Metric_Pad1.20x1.40mm_HandSolder,,smt
R10,1,100k,R_0805_2012Metric_Pad1.20x1.40mm_HandSolder,,smt
"R11, R12",2,1K,R_0805_2012Metric_Pad1.20x1.40mm_HandSolder,,smt
"R13, R14",2,5K,R_0805_2012Metric_Pad1.20x1.40mm_HandSolder,,smt
R3,1,4.7k,R_0805_2012Metric_Pad1.20x1.40mm_HandSolder,,smt
R5,1,220k,R_0805_2012Metric_Pad1.20x1.40mm_HandSolder,,smt
R6,1,41.2k,R_0805_2012Metric_Pad1.20x1.40mm_HandSolder,,smt
R9,1,300k,R_0805_2012Metric_Pad1.20x1.40mm_HandSolder,,smt
R_Shunt1,1,0.05,R_2816_7142Metric_Pad3.20x4.45mm_HandSolder,,smt
TP1,1,GND,TestPoint_Pad_D1.0mm,,tht
TP2,1,VIN,TestPoint_Pad_D1.0mm,,tht
TP3,1,+5V,TestPoint_Pad_D1.0mm,,tht
U1,1,DS18B20,TO-92_Inline,,tht
U2,1,AZ1117IH-5.0TRG1,SOT223-5_DIO,,smt
U3,1,MPXV7002DP,XDCR_MPXV7002DP,,smt
U4,1,AP63357,AP63356 (V-DFN3020-13),,tht
U5,1,DEV-16771,MODULE_DEV-16771,,tht
"U6, U7, U8",3,MAX31855KASA,SOIC-8_3.9x4.9mm_P1.27mm,,smt
