# Simulation 4 (Up to date),,,,,,,
# 1554 data points written for 6 variables.,,,,,,,
# Simulation warnings:,,,,,,,
#   Body calculations may not be entirely accurate at supersonic speeds.,,,,,,,
#   Recovery device deployment at high speed (85.6 ft/s),,,,,,,
#,,,,,,,
# Time (s),Altitude (ft),Vertical velocity (ft/s),Vertical acceleration (ft/s²),Lateral distance (ft),Stability margin calibers (​),,
# Event IGNITION occurred at t=0 seconds,,,,,,,
# Event LAUNCH occurred at t=0 seconds,,,,,,,
0.01,-0.002,-0.313,-31.319,0,NaN,,
0.02,-0.001,-0.297,-29.704,0,NaN,,
0.03,-0.001,-0.281,-28.089,0,NaN,,
0.04,-9.38E-04,-0.188,-18.752,0,NaN,,
0.05,0.003,0.62,62.045,0,NaN,,
0.06,0.017,2.223,160.284,0,NaN,,
0.07,0.052,4.808,258.59,0,NaN,,
# Event LIFTOFF occurred at t=0.08 seconds,,,,,,,
0.08,0.118,8.363,355.58,0,NaN,,
0.09,0.222,12.421,406,0,NaN,,
0.1,0.368,16.757,433.779,0,NaN,,
0.11,0.559,21.371,461.599,0,NaN,,
0.12,0.797,26.264,489.462,0,NaN,,
0.13,1.085,31.393,513.116,0,NaN,,
0.14,1.425,36.502,511.158,0,NaN,,
0.15,1.815,41.549,504.912,0,NaN,,
0.16,2.255,46.535,498.807,0,NaN,,
0.17,2.745,51.485,495.192,0,NaN,,
0.18,3.285,56.407,492.437,0,NaN,,
0.19,3.873,61.301,489.676,0,NaN,,
0.2,4.511,66.168,486.909,0,NaN,,
0.21,5.197,71.026,485.941,0,NaN,,
0.22,5.931,75.891,486.78,0,NaN,,
0.23,6.715,80.766,487.618,0,NaN,,
0.24,7.547,85.648,488.457,0,NaN,,
0.25,8.428,90.539,489.295,0,NaN,,
0.26,9.358,95.438,490.133,0,NaN,,
0.27,10.336,100.346,490.97,0,NaN,,
0.28,11.364,105.262,491.807,0,NaN,,
0.29,12.442,110.186,492.644,0,NaN,,
0.3,13.568,115.119,493.481,0,NaN,,
0.31,14.744,120.06,494.317,0,NaN,,
0.32,15.969,125.01,495.153,0,NaN,,
# Event LAUNCHROD occurred at t=0.33 seconds,,,,,,,
0.33,17.244,129.967,495.988,0,NaN,,
0.345,19.25,137.42,497.134,1.91E-06,2.021,,
0.368,22.468,148.633,498.85,1.23E-05,2.034,,2.021
0.401,27.769,165.531,501.417,4.60E-05,2.054,,
0.451,36.675,190.727,504.952,1.41E-04,2.085,,
0.501,46.845,216.075,507.957,2.96E-04,2.118,,
0.551,58.285,241.569,510.877,5.20E-04,2.153,,
0.601,71.004,267.209,513.771,8.19E-04,2.189,,
0.651,85.009,292.993,516.638,0.001,2.227,,
0.701,100.307,318.922,519.514,0.002,2.267,,
0.751,116.904,344.996,522.423,0.002,2.309,,
0.801,134.809,371.215,525.305,0.003,2.353,,
0.851,154.029,397.578,528.155,0.004,2.399,,
0.901,174.57,424.083,530.971,0.005,2.446,,
0.951,196.44,450.728,533.751,0.006,2.496,,
1.001,219.645,477.492,536.131,0.007,2.548,,
1.051,244.19,504.334,537.655,0.008,2.603,,
1.101,270.079,531.249,539.101,0.01,2.659,,
1.151,297.316,558.236,540.496,0.012,2.718,,
1.201,325.904,585.29,541.836,0.014,2.78,,
1.251,355.846,612.408,543.071,0.016,2.845,,
1.301,387.146,639.585,544.216,0.019,2.914,,
1.351,419.805,666.817,545.3,0.021,2.987,,
1.401,453.828,694.102,546.321,0.025,3.063,,
1.451,489.216,721.436,547.278,0.028,3.142,,
1.501,525.972,748.817,548.166,0.032,3.225,,
1.551,564.098,776.23,548.768,0.037,3.312,,
1.601,603.595,803.655,548.982,0.042,3.403,,
1.651,644.464,831.089,549.111,0.047,3.498,,
1.701,686.704,858.527,549.153,0.053,3.597,,
1.751,730.316,885.964,549.105,0.059,3.7,,
1.801,775.3,913.397,548.956,0.066,3.808,,
1.851,821.655,940.82,548.697,0.074,3.92,,
1.901,869.381,968.226,548.311,0.082,4.037,,
1.951,918.477,995.593,547.424,0.09,4.16,,
2.001,968.939,1022.906,546.575,0.099,4.287,,
2.051,1020.766,1050.181,545.808,0.109,4.416,,
2.101,1073.956,1077.416,544.987,0.119,4.548,,
2.151,1128.506,1104.608,544.111,0.129,4.68,,
2.201,1184.415,1131.719,541.149,0.141,4.812,,
2.251,1241.675,1158.658,538,0.153,4.942,,
2.301,1300.278,1185.456,535.683,0.166,5.069,,
2.351,1360.218,1212.156,534.205,0.18,5.192,,
2.401,1421.492,1238.801,533.338,0.194,5.311,,
2.451,1484.096,1265.393,532.565,0.209,5.424,,
2.501,1548.027,1291.855,530.246,0.224,5.53,,
2.551,1613.278,1318.197,528.062,0.241,5.628,,
2.601,1679.843,1344.436,526.096,0.258,5.718,,
2.651,1747.718,1370.575,524.083,0.276,5.798,,
2.701,1816.896,1396.58,521.266,0.295,5.868,,
2.751,1887.371,1422.421,517.73,0.315,5.927,,
2.801,1959.133,1448.067,513.465,0.335,5.975,,
2.851,2032.171,1473.49,508.876,0.356,6.011,,
2.901,2106.476,1498.681,504.269,0.379,6.036,,
2.951,2182.033,1523.642,499.644,0.402,6.047,,
3.001,2258.834,1548.37,495.003,0.426,6.046,,
3.051,2336.864,1572.859,490.158,0.451,6.029,,
3.101,2416.113,1597.1,485.2,0.476,5.997,,
3.151,2496.568,1621.092,480.228,0.503,5.95,,
3.201,2578.216,1644.835,475.242,0.531,5.886,,
3.251,2661.045,1668.327,470.244,0.559,5.813,,
3.301,2745.042,1691.569,465.233,0.589,5.743,,
3.351,2830.194,1714.546,459.896,0.619,5.668,,
3.401,2916.488,1737.219,453.802,0.651,5.59,,
3.451,3003.908,1759.583,447.639,0.683,5.508,,
3.501,3092.439,1781.638,441.462,0.717,5.44,,
3.551,3182.064,1803.383,435.27,0.751,5.38,,
3.601,3272.769,1824.817,429.064,0.787,5.318,,
3.651,3364.537,1845.933,422.655,0.824,5.253,,
3.701,3457.354,1866.716,415.967,0.862,5.186,,
3.751,3551.2,1887.162,409.25,0.9,5.128,,
3.801,3646.061,1907.271,402.519,0.94,5.078,,
3.851,3741.919,1927.042,395.773,0.981,5.027,,
3.901,3838.757,1946.515,389.797,1.023,4.974,,
3.951,3936.564,1965.77,385.418,1.066,4.92,,
4.001,4035.322,1984.552,375.955,1.11,4.867,,
4.051,4134.991,2002.197,353.182,1.155,4.828,,
4.101,4235.503,2018.301,322.324,1.201,4.792,,
4.151,4336.762,2032.045,275.091,1.249,4.761,,
4.201,4438.635,2042.86,216.404,1.297,4.736,,
4.251,4540.963,2050.28,148.582,1.346,4.722,,
4.301,4643.576,2054.262,79.812,1.396,4.719,,
4.351,4746.296,2054.518,5.376,1.446,4.724,,
4.401,4848.933,2050.99,-70.192,1.497,4.744,,
4.451,4951.33,2044.896,-121.417,1.549,4.769,,
4.501,5053.385,2037.296,-151.451,1.602,4.798,,
# Event BURNOUT occurred at t=4.519 seconds,,,,,,,
4.519,5089.521,2034.347,-165.924,1.62,4.809,,
4.546,5143.625,2029.834,-169.193,1.648,4.825,,
4.586,5224.557,2023.096,-168.274,1.691,4.85,,
4.636,5325.502,2014.711,-167.133,1.744,4.88,,
4.686,5426.029,2006.382,-166.002,1.798,4.91,,
4.736,5526.141,1998.11,-164.881,1.853,4.939,,
4.786,5625.841,1989.894,-163.77,1.908,4.968,,
4.836,5725.131,1981.733,-162.669,1.963,4.996,,
4.886,5824.015,1973.627,-161.578,2.019,5.025,,
4.936,5922.495,1965.575,-160.496,2.075,5.054,,
4.986,6020.574,1957.577,-159.425,2.132,5.087,,
5.036,6118.254,1949.633,-158.362,2.189,5.119,,
5.086,6215.538,1941.741,-157.31,2.247,5.151,,
5.136,6312.429,1933.902,-156.266,2.305,5.183,,
5.186,6408.929,1926.114,-155.232,2.363,5.213,,
5.236,6505.041,1918.378,-154.207,2.422,5.244,,
5.286,6600.767,1910.693,-153.201,2.481,5.273,,
5.336,6696.111,1903.058,-152.216,2.541,5.303,,
5.386,6791.074,1895.471,-151.239,2.601,5.332,,
5.436,6885.659,1887.934,-150.271,2.662,5.36,,
5.486,6979.868,1880.444,-149.312,2.722,5.388,,
5.536,7073.704,1873.002,-148.361,2.784,5.416,,
5.586,7167.169,1865.608,-147.418,2.846,5.443,,
5.636,7260.266,1858.261,-146.483,2.908,5.469,,
5.686,7352.996,1850.96,-145.556,2.97,5.496,,
5.736,7445.362,1843.705,-144.638,3.033,5.526,,
5.786,7537.367,1836.496,-143.727,3.097,5.558,,
5.836,7629.013,1829.332,-142.824,3.161,5.589,,
5.886,7720.301,1822.213,-141.929,3.225,5.62,,
5.936,7811.235,1815.139,-141.042,3.29,5.65,,
5.986,7901.816,1808.109,-140.163,3.355,5.68,,
6.036,7992.046,1801.123,-139.291,3.42,5.709,,
6.086,8081.929,1794.18,-138.426,3.486,5.738,,
6.136,8171.465,1787.28,-137.569,3.552,5.766,,
6.186,8260.657,1780.422,-136.731,3.619,5.794,,
6.236,8349.508,1773.607,-135.907,3.686,5.821,,
6.286,8438.019,1766.832,-135.09,3.753,5.848,,
6.336,8526.192,1760.097,-134.279,3.821,5.874,,
6.386,8614.029,1753.404,-133.475,3.889,5.9,,
6.436,8701.533,1746.75,-132.679,3.957,5.926,,
6.486,8788.705,1740.136,-131.888,4.026,5.951,,
6.536,8875.547,1733.561,-131.105,4.095,5.976,,
6.586,8962.062,1727.025,-130.328,4.164,6.005,,
6.636,9048.25,1720.528,-129.557,4.234,6.036,,
6.686,9134.115,1714.069,-128.793,4.304,6.067,,
6.736,9219.658,1707.649,-128.035,4.375,6.097,,
6.786,9304.881,1701.266,-127.284,4.446,6.126,,
6.836,9389.785,1694.92,-126.539,4.517,6.156,,
6.886,9474.373,1688.612,-125.8,4.589,6.184,,
6.936,9558.647,1682.34,-125.068,4.66,6.212,,
6.986,9642.608,1676.105,-124.341,4.733,6.24,,
7.036,9726.258,1669.906,-123.621,4.805,6.267,,
7.086,9809.599,1663.743,-122.907,4.878,6.294,,
7.136,9892.633,1657.615,-122.207,4.951,6.32,,
7.186,9975.361,1651.522,-121.519,5.025,6.346,,
7.236,1.01E+04,1645.463,-120.837,5.099,6.372,,
7.286,1.01E+04,1639.438,-120.161,5.173,6.397,,
7.336,1.02E+04,1633.447,-119.49,5.248,6.422,,
7.386,1.03E+04,1627.489,-118.824,5.322,6.446,,
7.436,1.04E+04,1621.564,-118.164,5.398,6.47,,
7.486,1.05E+04,1615.672,-117.509,5.473,6.494,,
7.536,1.06E+04,1609.813,-116.859,5.549,6.519,,
7.586,1.06E+04,1603.986,-116.215,5.625,6.544,,
7.636,1.07E+04,1598.192,-115.576,5.702,6.569,,
7.686,1.08E+04,1592.429,-114.942,5.779,6.592,,
7.736,1.09E+04,1586.697,-114.314,5.856,6.614,,
7.786,1.09E+04,1580.997,-113.69,5.933,6.636,,
7.836,1.10E+04,1575.328,-113.071,6.011,6.657,,
7.886,1.11E+04,1569.69,-112.458,6.089,6.676,,
7.936,1.12E+04,1564.082,-111.849,6.167,6.694,,
7.986,1.13E+04,1558.505,-111.245,6.246,6.712,,
8.036,1.13E+04,1552.958,-110.647,6.325,6.729,,
8.086,1.14E+04,1547.44,-110.053,6.404,6.745,,
8.136,1.15E+04,1541.953,-109.465,6.484,6.76,,
8.186,1.16E+04,1536.494,-108.892,6.564,6.774,,
8.236,1.17E+04,1531.063,-108.325,6.644,6.788,,
8.286,1.17E+04,1525.661,-107.761,6.724,6.801,,
8.336,1.18E+04,1520.287,-107.202,6.805,6.813,,
8.386,1.19E+04,1514.941,-106.648,6.886,6.824,,
8.436,1.20E+04,1509.622,-106.097,6.967,6.835,,
8.486,1.20E+04,1504.331,-105.552,7.049,6.845,,
8.536,1.21E+04,1499.067,-105.01,7.131,6.854,,
8.586,1.22E+04,1493.83,-104.473,7.213,6.863,,
8.636,1.23E+04,1488.62,-103.94,7.295,6.871,,
8.686,1.23E+04,1483.436,-103.411,7.378,6.879,,
8.736,1.24E+04,1478.279,-102.886,7.461,6.886,,
8.786,1.25E+04,1473.147,-102.365,7.544,6.892,,
8.836,1.25E+04,1468.042,-101.849,7.628,6.898,,
8.886,1.26E+04,1462.962,-101.336,7.712,6.903,,
8.936,1.27E+04,1457.908,-100.827,7.796,6.908,,
8.986,1.28E+04,1452.88,-100.323,7.88,6.912,,
9.036,1.28E+04,1447.876,-99.822,7.965,6.916,,
9.086,1.29E+04,1442.897,-99.325,8.049,6.919,,
9.136,1.30E+04,1437.943,-98.832,8.135,6.922,,
9.186,1.31E+04,1433.014,-98.343,8.22,6.925,,
9.236,1.31E+04,1428.109,-97.858,8.306,6.926,,
9.286,1.32E+04,1423.228,-97.386,8.392,6.928,,
9.336,1.33E+04,1418.37,-96.918,8.478,6.929,,
9.386,1.33E+04,1413.536,-96.453,8.564,6.929,,
9.436,1.34E+04,1408.725,-95.992,8.651,6.93,,
9.486,1.35E+04,1403.937,-95.535,8.738,6.929,,
9.536,1.36E+04,1399.171,-95.081,8.825,6.929,,
9.586,1.36E+04,1394.429,-94.63,8.913,6.928,,
9.636,1.37E+04,1389.708,-94.183,9,6.926,,
9.686,1.38E+04,1385.01,-93.739,9.088,6.924,,
9.736,1.38E+04,1380.334,-93.306,9.176,6.923,,
9.786,1.39E+04,1375.679,-92.921,9.265,6.92,,
9.836,1.40E+04,1371.042,-92.537,9.354,6.917,,
9.886,1.40E+04,1366.425,-92.156,9.443,6.914,,
9.936,1.41E+04,1361.827,-91.776,9.532,6.911,,
9.986,1.42E+04,1357.247,-91.414,9.621,6.907,,
10.036,1.42E+04,1352.684,-91.122,9.711,6.903,,
10.086,1.43E+04,1348.135,-90.83,9.801,6.899,,
10.136,1.44E+04,1343.601,-90.538,9.891,6.894,,
10.186,1.44E+04,1339.081,-90.246,9.981,6.889,,
10.236,1.45E+04,1334.576,-89.962,10.072,6.884,,
10.286,1.46E+04,1330.084,-89.729,10.163,6.879,,
10.336,1.46E+04,1325.603,-89.496,10.254,6.873,,
10.386,1.47E+04,1321.134,-89.261,10.345,6.867,,
10.436,1.48E+04,1316.677,-89.026,10.436,6.861,,
10.486,1.48E+04,1312.232,-88.798,10.528,6.854,,
10.536,1.49E+04,1307.796,-88.606,10.62,6.848,,
10.586,1.50E+04,1303.371,-88.412,10.712,6.841,,
10.636,1.50E+04,1298.955,-88.217,10.804,6.833,,
10.686,1.51E+04,1294.549,-88.02,10.897,6.826,,
10.736,1.52E+04,1290.153,-87.821,10.99,6.818,,
10.786,1.52E+04,1285.767,-87.636,11.083,6.81,,
10.836,1.53E+04,1281.39,-87.452,11.176,6.802,,
10.886,1.54E+04,1277.022,-87.266,11.269,6.793,,
10.936,1.54E+04,1272.663,-87.078,11.363,6.785,,
10.986,1.55E+04,1268.314,-86.889,11.457,6.776,,
11.036,1.55E+04,1263.974,-86.698,11.551,6.766,,
11.086,1.56E+04,1259.644,-86.505,11.645,6.757,,
11.136,1.57E+04,1255.324,-86.311,11.739,6.747,,
11.186,1.57E+04,1251.013,-86.116,11.834,6.738,,
11.236,1.58E+04,1246.712,-85.919,11.929,6.728,,
11.286,1.59E+04,1242.421,-85.714,12.024,6.718,,
11.336,1.59E+04,1238.141,-85.498,12.119,6.707,,
11.386,1.60E+04,1233.871,-85.282,12.214,6.697,,
11.436,1.60E+04,1229.613,-85.064,12.31,6.686,,
11.486,1.61E+04,1225.365,-84.846,12.406,6.675,,
11.536,1.62E+04,1221.128,-84.623,12.502,6.664,,
11.586,1.62E+04,1216.903,-84.373,12.598,6.653,,
11.636,1.63E+04,1212.691,-84.123,12.694,6.642,,
11.686,1.64E+04,1208.491,-83.873,12.791,6.63,,
11.736,1.64E+04,1204.304,-83.623,12.887,6.619,,
11.786,1.65E+04,1200.129,-83.38,12.984,6.607,,
11.836,1.65E+04,1195.966,-83.104,13.081,6.595,,
11.886,1.66E+04,1191.818,-82.819,13.178,6.583,,
11.936,1.67E+04,1187.684,-82.535,13.276,6.571,,
11.986,1.67E+04,1183.565,-82.251,13.373,6.559,,
12.036,1.68E+04,1179.459,-81.969,13.471,6.546,,
12.086,1.68E+04,1175.368,-81.671,13.569,6.534,,
12.136,1.69E+04,1171.293,-81.338,13.667,6.521,,
12.186,1.69E+04,1167.234,-81.007,13.765,6.509,,
12.236,1.70E+04,1163.192,-80.678,13.864,6.496,,
12.286,1.71E+04,1159.166,-80.351,13.962,6.483,,
12.336,1.71E+04,1155.157,-80.027,14.061,6.47,,
12.386,1.72E+04,1151.164,-79.678,14.16,6.457,,
12.436,1.72E+04,1147.189,-79.324,14.259,6.444,,
12.486,1.73E+04,1143.232,-78.973,14.358,6.431,,
12.536,1.73E+04,1139.292,-78.625,14.458,6.418,,
12.586,1.74E+04,1135.369,-78.279,14.557,6.405,,
12.636,1.75E+04,1131.464,-77.93,14.657,6.392,,
12.686,1.75E+04,1127.578,-77.522,14.757,6.379,,
12.736,1.76E+04,1123.712,-77.119,14.857,6.365,,
12.786,1.76E+04,1119.866,-76.72,14.957,6.352,,
12.836,1.77E+04,1116.04,-76.325,15.057,6.339,,
12.886,1.77E+04,1112.233,-75.935,15.158,6.326,,
12.936,1.78E+04,1108.446,-75.528,15.259,6.312,,
12.986,1.79E+04,1104.681,-75.073,15.359,6.299,,
13.036,1.79E+04,1100.939,-74.624,15.46,6.286,,
13.086,1.80E+04,1097.219,-74.182,15.561,6.273,,
13.136,1.80E+04,1093.521,-73.745,15.663,6.26,,
13.186,1.81E+04,1089.844,-73.316,15.764,6.246,,
13.236,1.81E+04,1086.189,-72.873,15.866,6.233,,
13.286,1.82E+04,1082.558,-72.382,15.967,6.22,,
13.336,1.82E+04,1078.951,-71.898,16.069,6.207,,
13.386,1.83E+04,1075.368,-71.421,16.171,6.194,,
13.436,1.83E+04,1071.809,-70.952,16.274,6.181,,
13.486,1.84E+04,1068.273,-70.49,16.376,6.168,,
13.536,1.85E+04,1064.76,-70.029,16.479,6.155,,
13.586,1.85E+04,1061.271,-69.501,16.581,6.143,,
13.636,1.86E+04,1057.809,-68.983,16.684,6.13,,
13.686,1.86E+04,1054.373,-68.473,16.787,6.117,,
13.736,1.87E+04,1050.962,-67.972,16.89,6.105,,
13.786,1.87E+04,1047.576,-67.479,16.994,6.092,,
13.836,1.88E+04,1044.214,-66.995,17.097,6.08,,
13.886,1.88E+04,1040.875,-66.634,17.201,6.067,,
13.936,1.89E+04,1037.55,-66.366,17.304,6.055,,
13.986,1.89E+04,1034.238,-66.1,17.408,6.043,,
14.036,1.90E+04,1030.94,-65.836,17.513,6.03,,
14.086,1.90E+04,1027.654,-65.574,17.617,6.018,,
14.136,1.91E+04,1024.382,-65.315,17.721,6.006,,
14.186,1.91E+04,1021.123,-65.058,17.826,5.994,,
14.236,1.92E+04,1017.876,-64.803,17.931,5.982,,
14.286,1.92E+04,1014.643,-64.551,18.036,5.97,,
14.336,1.93E+04,1011.421,-64.301,18.141,5.958,,
14.386,1.93E+04,1008.212,-64.052,18.246,5.946,,
14.436,1.94E+04,1005.016,-63.806,18.351,5.934,,
14.486,1.94E+04,1001.832,-63.562,18.457,5.922,,
14.536,1.95E+04,998.66,-63.32,18.562,5.911,,
14.586,1.95E+04,995.5,-63.08,18.668,5.899,,
14.636,1.96E+04,992.352,-62.843,18.774,5.887,,
14.686,1.96E+04,989.215,-62.607,18.88,5.876,,
14.736,1.97E+04,986.091,-62.373,18.987,5.864,,
14.786,1.97E+04,982.978,-62.144,19.093,5.853,,
14.836,1.98E+04,979.877,-61.917,19.2,5.841,,
14.886,1.98E+04,976.786,-61.693,19.307,5.83,,
14.936,1.99E+04,973.707,-61.47,19.413,5.819,,
14.986,1.99E+04,970.639,-61.249,19.521,5.808,,
15.036,2.00E+04,967.582,-61.029,19.628,5.796,,
15.086,2.00E+04,964.536,-60.812,19.735,5.785,,
15.136,2.01E+04,961.501,-60.596,19.843,5.774,,
15.186,2.01E+04,958.477,-60.382,19.95,5.763,,
15.236,2.02E+04,955.463,-60.17,20.058,5.752,,
15.286,2.02E+04,952.46,-59.96,20.166,5.741,,
15.336,2.03E+04,949.467,-59.751,20.274,5.73,,
15.386,2.03E+04,946.484,-59.544,20.382,5.72,,
15.436,2.04E+04,943.512,-59.339,20.491,5.709,,
15.486,2.04E+04,940.551,-59.135,20.599,5.698,,
15.536,2.04E+04,937.599,-58.933,20.708,5.688,,
15.586,2.05E+04,934.657,-58.732,20.817,5.677,,
15.636,2.05E+04,931.726,-58.524,20.926,5.667,,
15.686,2.06E+04,928.805,-58.289,21.035,5.656,,
15.736,2.06E+04,925.897,-58.057,21.144,5.646,,
15.786,2.07E+04,923,-57.828,21.253,5.636,,
15.836,2.07E+04,920.114,-57.602,21.363,5.626,,
15.886,2.08E+04,917.239,-57.379,21.472,5.616,,
15.936,2.08E+04,914.376,-57.158,21.582,5.606,,
15.986,2.09E+04,911.524,-56.939,21.692,5.596,,
16.036,2.09E+04,908.682,-56.724,21.802,5.587,,
16.086,2.10E+04,905.851,-56.51,21.913,5.577,,
16.136,2.10E+04,903.031,-56.299,22.023,5.567,,
16.186,2.10E+04,900.221,-56.091,22.133,5.558,,
16.236,2.11E+04,897.422,-55.885,22.244,5.549,,
16.286,2.11E+04,894.633,-55.681,22.355,5.539,,
16.336,2.12E+04,891.854,-55.479,22.466,5.53,,
16.386,2.12E+04,889.085,-55.279,22.577,5.521,,
16.436,2.13E+04,886.326,-55.082,22.688,5.512,,
16.486,2.13E+04,883.577,-54.886,22.799,5.503,,
16.536,2.14E+04,880.837,-54.694,22.911,5.494,,
16.586,2.14E+04,878.107,-54.505,23.023,5.486,,
16.636,2.14E+04,875.387,-54.318,23.134,5.477,,
16.686,2.15E+04,872.675,-54.133,23.246,5.469,,
16.736,2.15E+04,869.973,-53.95,23.358,5.46,,
16.786,2.16E+04,867.28,-53.768,23.47,5.452,,
16.836,2.16E+04,864.596,-53.588,23.583,5.443,,
16.886,2.17E+04,861.921,-53.41,23.695,5.435,,
16.936,2.17E+04,859.255,-53.234,23.808,5.427,,
16.986,2.17E+04,856.598,-53.059,23.921,5.419,,
17.036,2.18E+04,853.949,-52.886,24.033,5.41,,
17.086,2.18E+04,851.309,-52.715,24.146,5.402,,
17.136,2.19E+04,848.678,-52.545,24.26,5.394,,
17.186,2.19E+04,846.055,-52.377,24.373,5.386,,
17.236,2.20E+04,843.44,-52.21,24.486,5.379,,
17.286,2.20E+04,840.834,-52.045,24.6,5.371,,
17.336,2.20E+04,838.236,-51.882,24.714,5.363,,
17.386,2.21E+04,835.646,-51.72,24.827,5.356,,
17.436,2.21E+04,833.064,-51.56,24.941,5.348,,
17.486,2.22E+04,830.49,-51.401,25.055,5.34,,
17.536,2.22E+04,827.924,-51.243,25.17,5.333,,
17.586,2.23E+04,825.365,-51.087,25.284,5.325,,
17.636,2.23E+04,822.815,-50.932,25.398,5.318,,
17.686,2.23E+04,820.272,-50.779,25.513,5.311,,
17.736,2.24E+04,817.737,-50.627,25.628,5.303,,
17.786,2.24E+04,815.209,-50.476,25.743,5.296,,
17.836,2.25E+04,812.689,-50.327,25.858,5.289,,
17.886,2.25E+04,810.177,-50.179,25.973,5.282,,
17.936,2.25E+04,807.671,-50.032,26.088,5.275,,
17.986,2.26E+04,805.173,-49.887,26.204,5.268,,
18.036,2.26E+04,802.683,-49.743,26.319,5.261,,
18.086,2.27E+04,800.199,-49.6,26.435,5.254,,
18.136,2.27E+04,797.723,-49.458,26.551,5.248,,
18.186,2.27E+04,795.253,-49.318,26.667,5.241,,
18.236,2.28E+04,792.791,-49.179,26.783,5.234,,
18.286,2.28E+04,790.335,-49.041,26.899,5.227,,
18.336,2.29E+04,787.887,-48.904,27.015,5.221,,
18.386,2.29E+04,785.445,-48.768,27.132,5.214,,
18.436,2.29E+04,783.01,-48.634,27.248,5.208,,
18.486,2.30E+04,780.582,-48.501,27.365,5.202,,
18.536,2.30E+04,778.16,-48.37,27.482,5.195,,
18.586,2.31E+04,775.745,-48.24,27.598,5.189,,
18.636,2.31E+04,773.336,-48.112,27.716,5.182,,
18.686,2.31E+04,770.933,-47.984,27.833,5.176,,
18.736,2.32E+04,768.537,-47.858,27.95,5.17,,
18.786,2.32E+04,766.147,-47.733,28.068,5.164,,
18.836,2.32E+04,763.764,-47.608,28.185,5.158,,
18.886,2.33E+04,761.387,-47.485,28.303,5.151,,
18.936,2.33E+04,759.015,-47.363,28.421,5.145,,
18.986,2.34E+04,756.65,-47.241,28.539,5.139,,
19.036,2.34E+04,754.291,-47.121,28.657,5.133,,
19.086,2.34E+04,751.938,-47.002,28.775,5.127,,
19.136,2.35E+04,749.591,-46.883,28.893,5.121,,
19.186,2.35E+04,747.25,-46.766,29.011,5.116,,
19.236,2.35E+04,744.915,-46.649,29.13,5.11,,
19.286,2.36E+04,742.585,-46.533,29.249,5.104,,
19.336,2.36E+04,740.261,-46.419,29.367,5.098,,
19.386,2.37E+04,737.943,-46.305,29.486,5.093,,
19.436,2.37E+04,735.631,-46.192,29.605,5.087,,
19.486,2.37E+04,733.324,-46.08,29.724,5.081,,
19.536,2.38E+04,731.023,-45.969,29.844,5.076,,
19.586,2.38E+04,728.727,-45.859,29.963,5.07,,
19.636,2.38E+04,726.437,-45.75,30.083,5.065,,
19.686,2.39E+04,724.152,-45.641,30.202,5.06,,
19.736,2.39E+04,721.873,-45.533,30.322,5.054,,
19.786,2.40E+04,719.599,-45.427,30.442,5.049,,
19.836,2.40E+04,717.33,-45.321,30.562,5.044,,
19.886,2.40E+04,715.067,-45.215,30.682,5.038,,
19.936,2.41E+04,712.808,-45.111,30.802,5.033,,
19.986,2.41E+04,710.556,-45.008,30.923,5.028,,
20.036,2.41E+04,708.308,-44.905,31.043,5.023,,
20.086,2.42E+04,706.065,-44.803,31.164,5.017,,
20.136,2.42E+04,703.827,-44.702,31.284,5.012,,
20.186,2.42E+04,701.595,-44.602,31.405,5.007,,
20.236,2.43E+04,699.367,-44.502,31.526,5.002,,
20.286,2.43E+04,697.145,-44.403,31.647,4.997,,
20.336,2.43E+04,694.927,-44.305,31.768,4.992,,
20.386,2.44E+04,692.714,-44.208,31.89,4.987,,
20.436,2.44E+04,690.506,-44.111,32.011,4.982,,
20.486,2.44E+04,688.303,-44.015,32.132,4.977,,
20.536,2.45E+04,686.105,-43.92,32.254,4.973,,
20.586,2.45E+04,683.911,-43.826,32.376,4.968,,
20.636,2.45E+04,681.722,-43.732,32.498,4.963,,
20.686,2.46E+04,679.538,-43.639,32.62,4.958,,
20.736,2.46E+04,677.358,-43.547,32.742,4.954,,
20.786,2.46E+04,675.183,-43.456,32.864,4.949,,
20.836,2.47E+04,673.012,-43.367,32.986,4.944,,
20.886,2.47E+04,670.846,-43.277,33.109,4.94,,
20.936,2.47E+04,668.685,-43.189,33.231,4.935,,
20.986,2.48E+04,666.527,-43.101,33.354,4.931,,
21.036,2.48E+04,664.375,-43.013,33.477,4.926,,
21.086,2.48E+04,662.226,-42.927,33.6,4.921,,
21.136,2.49E+04,660.082,-42.841,33.723,4.917,,
21.186,2.49E+04,657.942,-42.755,33.846,4.912,,
21.236,2.49E+04,655.806,-42.671,33.969,4.908,,
21.286,2.50E+04,653.675,-42.587,34.092,4.904,,
21.336,2.50E+04,651.548,-42.503,34.216,4.899,,
21.386,2.50E+04,649.425,-42.42,34.339,4.895,,
21.436,2.51E+04,647.306,-42.338,34.463,4.891,,
21.486,2.51E+04,645.191,-42.256,34.586,4.887,,
21.536,2.51E+04,643.08,-42.175,34.71,4.882,,
21.586,2.52E+04,640.973,-42.095,34.834,4.878,,
21.636,2.52E+04,638.871,-42.015,34.958,4.874,,
21.686,2.52E+04,636.772,-41.935,35.083,4.87,,
21.736,2.53E+04,634.677,-41.856,35.207,4.866,,
21.786,2.53E+04,632.586,-41.778,35.331,4.862,,
21.836,2.53E+04,630.499,-41.701,35.456,4.858,,
21.886,2.54E+04,628.416,-41.624,35.58,4.854,,
21.936,2.54E+04,626.337,-41.547,35.705,4.85,,
21.986,2.54E+04,624.261,-41.471,35.83,4.846,,
22.036,2.55E+04,622.19,-41.396,35.955,4.842,,
22.086,2.55E+04,620.122,-41.321,36.08,4.838,,
22.136,2.55E+04,618.058,-41.246,36.205,4.834,,
22.186,2.56E+04,615.997,-41.172,36.33,4.83,,
22.236,2.56E+04,613.94,-41.099,36.456,4.826,,
22.286,2.56E+04,611.887,-41.026,36.581,4.822,,
22.336,2.56E+04,609.838,-40.954,36.707,4.818,,
22.386,2.57E+04,607.792,-40.882,36.832,4.815,,
22.436,2.57E+04,605.75,-40.811,36.958,4.811,,
22.486,2.57E+04,603.711,-40.74,37.084,4.807,,
22.536,2.58E+04,601.675,-40.67,37.21,4.804,,
22.586,2.58E+04,599.644,-40.601,37.336,4.8,,
22.636,2.58E+04,597.615,-40.531,37.462,4.796,,
22.686,2.59E+04,595.591,-40.463,37.588,4.792,,
22.736,2.59E+04,593.569,-40.394,37.715,4.789,,
22.786,2.59E+04,591.551,-40.327,37.841,4.785,,
22.836,2.59E+04,589.536,-40.259,37.968,4.782,,
22.886,2.60E+04,587.525,-40.193,38.094,4.778,,
22.936,2.60E+04,585.517,-40.126,38.221,4.775,,
22.986,2.60E+04,583.513,-40.06,38.348,4.772,,
23.036,2.61E+04,581.511,-39.995,38.475,4.768,,
23.086,2.61E+04,579.513,-39.93,38.602,4.765,,
23.136,2.61E+04,577.518,-39.866,38.729,4.761,,
23.186,2.61E+04,575.527,-39.801,38.857,4.758,,
23.236,2.62E+04,573.538,-39.738,38.984,4.754,,
23.286,2.62E+04,571.553,-39.675,39.111,4.751,,
23.336,2.62E+04,569.571,-39.612,39.239,4.748,,
23.386,2.63E+04,567.592,-39.55,39.367,4.744,,
23.436,2.63E+04,565.616,-39.489,39.494,4.741,,
23.486,2.63E+04,563.643,-39.428,39.622,4.738,,
23.536,2.63E+04,561.673,-39.368,39.75,4.735,,
23.586,2.64E+04,559.706,-39.307,39.878,4.732,,
23.636,2.64E+04,557.742,-39.248,40.006,4.729,,
23.686,2.64E+04,555.781,-39.189,40.134,4.726,,
23.736,2.65E+04,553.823,-39.13,40.263,4.722,,
23.786,2.65E+04,551.868,-39.072,40.391,4.719,,
23.836,2.65E+04,549.916,-39.014,40.52,4.716,,
23.886,2.65E+04,547.967,-38.956,40.648,4.713,,
23.936,2.66E+04,546.02,-38.899,40.777,4.71,,
23.986,2.66E+04,544.077,-38.842,40.906,4.707,,
24.036,2.66E+04,542.136,-38.786,41.035,4.704,,
24.086,2.66E+04,540.198,-38.73,41.164,4.701,,
24.136,2.67E+04,538.263,-38.674,41.293,4.698,,
24.186,2.67E+04,536.331,-38.619,41.422,4.695,,
24.236,2.67E+04,534.401,-38.564,41.551,4.692,,
24.286,2.68E+04,532.474,-38.509,41.681,4.689,,
24.336,2.68E+04,530.55,-38.455,41.81,4.687,,
24.386,2.68E+04,528.629,-38.402,41.939,4.684,,
24.436,2.68E+04,526.71,-38.348,42.069,4.681,,
24.486,2.69E+04,524.794,-38.295,42.199,4.678,,
24.536,2.69E+04,522.881,-38.242,42.329,4.675,,
24.586,2.69E+04,520.97,-38.19,42.459,4.672,,
24.636,2.69E+04,519.062,-38.138,42.589,4.67,,
24.686,2.70E+04,517.156,-38.087,42.719,4.667,,
24.736,2.70E+04,515.253,-38.035,42.849,4.664,,
24.786,2.70E+04,513.353,-37.985,42.979,4.662,,
24.836,2.70E+04,511.455,-37.934,43.109,4.659,,
24.886,2.71E+04,509.559,-37.884,43.24,4.657,,
24.936,2.71E+04,507.666,-37.834,43.37,4.654,,
24.986,2.71E+04,505.776,-37.784,43.501,4.652,,
25.036,2.71E+04,503.888,-37.735,43.631,4.649,,
25.086,2.72E+04,502.002,-37.686,43.762,4.646,,
25.136,2.72E+04,500.119,-37.638,43.893,4.644,,
25.186,2.72E+04,498.238,-37.59,44.024,4.641,,
25.236,2.72E+04,496.36,-37.542,44.155,4.639,,
25.286,2.73E+04,494.484,-37.494,44.286,4.636,,
25.336,2.73E+04,492.611,-37.447,44.417,4.634,,
25.386,2.73E+04,490.739,-37.4,44.549,4.631,,
25.436,2.73E+04,488.871,-37.354,44.68,4.629,,
25.486,2.74E+04,487.004,-37.308,44.811,4.627,,
25.536,2.74E+04,485.14,-37.262,44.943,4.624,,
25.586,2.74E+04,483.278,-37.216,45.075,4.622,,
25.636,2.74E+04,481.418,-37.171,45.206,4.62,,
25.686,2.75E+04,479.561,-37.126,45.338,4.617,,
25.736,2.75E+04,477.706,-37.081,45.47,4.615,,
25.786,2.75E+04,475.853,-37.037,45.602,4.612,,
25.836,2.75E+04,474.002,-36.993,45.734,4.61,,
25.886,2.76E+04,472.153,-36.949,45.866,4.607,,
25.936,2.76E+04,470.307,-36.905,45.998,4.605,,
25.986,2.76E+04,468.463,-36.862,46.131,4.603,,
26.036,2.76E+04,466.621,-36.819,46.263,4.6,,
26.086,2.77E+04,464.781,-36.777,46.396,4.598,,
26.136,2.77E+04,462.943,-36.734,46.528,4.596,,
26.186,2.77E+04,461.108,-36.692,46.661,4.594,,
26.236,2.77E+04,459.274,-36.65,46.793,4.591,,
26.286,2.77E+04,457.443,-36.609,46.926,4.589,,
26.336,2.78E+04,455.613,-36.568,47.059,4.587,,
26.386,2.78E+04,453.786,-36.527,47.192,4.585,,
26.436,2.78E+04,451.96,-36.486,47.325,4.583,,
26.486,2.78E+04,450.137,-36.446,47.458,4.581,,
26.536,2.79E+04,448.316,-36.406,47.591,4.579,,
26.586,2.79E+04,446.497,-36.366,47.724,4.576,,
26.636,2.79E+04,444.679,-36.327,47.858,4.574,,
26.686,2.79E+04,442.864,-36.288,47.991,4.572,,
26.736,2.79E+04,441.05,-36.249,48.124,4.57,,
26.786,2.80E+04,439.239,-36.211,48.258,4.568,,
26.836,2.80E+04,437.429,-36.172,48.392,4.566,,
26.886,2.80E+04,435.622,-36.134,48.525,4.564,,
26.936,2.80E+04,433.816,-36.097,48.659,4.562,,
26.986,2.81E+04,432.012,-36.059,48.793,4.56,,
27.036,2.81E+04,430.21,-36.022,48.927,4.557,,
27.086,2.81E+04,428.41,-35.985,49.061,4.555,,
27.136,2.81E+04,426.611,-35.948,49.195,4.553,,
27.186,2.81E+04,424.815,-35.912,49.329,4.552,,
27.236,2.82E+04,423.02,-35.876,49.463,4.55,,
27.286,2.82E+04,421.227,-35.84,49.598,4.548,,
27.336,2.82E+04,419.436,-35.804,49.732,4.546,,
27.386,2.82E+04,417.647,-35.769,49.866,4.544,,
27.436,2.82E+04,415.859,-35.733,50.001,4.542,,
27.486,2.83E+04,414.074,-35.698,50.135,4.54,,
27.536,2.83E+04,412.29,-35.664,50.27,4.538,,
27.586,2.83E+04,410.507,-35.629,50.405,4.536,,
27.636,2.83E+04,408.727,-35.595,50.54,4.534,,
27.686,2.84E+04,406.948,-35.561,50.675,4.532,,
27.736,2.84E+04,405.171,-35.527,50.81,4.53,,
27.786,2.84E+04,403.395,-35.494,50.945,4.528,,
27.836,2.84E+04,401.621,-35.46,51.08,4.526,,
27.886,2.84E+04,399.849,-35.427,51.215,4.524,,
27.936,2.85E+04,398.079,-35.394,51.35,4.522,,
27.986,2.85E+04,396.31,-35.361,51.485,4.52,,
28.036,2.85E+04,394.542,-35.329,51.621,4.519,,
28.086,2.85E+04,392.777,-35.297,51.756,4.517,,
28.136,2.85E+04,391.013,-35.265,51.892,4.515,,
28.186,2.86E+04,389.25,-35.233,52.027,4.513,,
28.236,2.86E+04,387.489,-35.201,52.163,4.512,,
28.286,2.86E+04,385.73,-35.17,52.299,4.51,,
28.336,2.86E+04,383.972,-35.139,52.434,4.508,,
28.386,2.86E+04,382.216,-35.108,52.57,4.506,,
28.436,2.86E+04,380.462,-35.077,52.706,4.505,,
28.486,2.87E+04,378.708,-35.047,52.842,4.503,,
28.536,2.87E+04,376.957,-35.017,52.978,4.501,,
28.586,2.87E+04,375.207,-34.987,53.114,4.499,,
28.636,2.87E+04,373.458,-34.957,53.25,4.498,,
28.686,2.87E+04,371.711,-34.927,53.387,4.496,,
28.736,2.88E+04,369.966,-34.898,53.523,4.494,,
28.786,2.88E+04,368.221,-34.868,53.659,4.493,,
28.836,2.88E+04,366.479,-34.839,53.796,4.491,,
28.886,2.88E+04,364.737,-34.81,53.932,4.489,,
28.936,2.88E+04,362.998,-34.782,54.069,4.488,,
28.986,2.89E+04,361.259,-34.753,54.205,4.486,,
29.036,2.89E+04,359.522,-34.725,54.342,4.484,,
29.086,2.89E+04,357.787,-34.697,54.479,4.483,,
29.136,2.89E+04,356.053,-34.669,54.616,4.481,,
29.186,2.89E+04,354.32,-34.642,54.752,4.479,,
29.236,2.89E+04,352.588,-34.614,54.889,4.478,,
29.286,2.90E+04,350.858,-34.587,55.026,4.476,,
29.336,2.90E+04,349.13,-34.56,55.163,4.475,,
29.386,2.90E+04,347.402,-34.533,55.301,4.473,,
29.436,2.90E+04,345.676,-34.506,55.438,4.471,,
29.486,2.90E+04,343.952,-34.48,55.575,4.47,,
29.536,2.90E+04,342.228,-34.454,55.712,4.468,,
29.586,2.91E+04,340.506,-34.427,55.85,4.467,,
29.636,2.91E+04,338.786,-34.401,55.987,4.465,,
29.686,2.91E+04,337.066,-34.376,56.125,4.464,,
29.736,2.91E+04,335.348,-34.35,56.262,4.462,,
29.786,2.91E+04,333.631,-34.325,56.4,4.46,,
29.836,2.91E+04,331.916,-34.3,56.537,4.459,,
29.886,2.92E+04,330.201,-34.275,56.675,4.457,,
29.936,2.92E+04,328.488,-34.25,56.813,4.456,,
29.986,2.92E+04,326.776,-34.225,56.951,4.455,,
30.036,2.92E+04,325.066,-34.201,57.088,4.453,,
30.086,2.92E+04,323.356,-34.176,57.226,4.452,,
30.136,2.92E+04,321.648,-34.152,57.364,4.45,,
30.186,2.93E+04,319.941,-34.128,57.502,4.449,,
30.236,2.93E+04,318.235,-34.105,57.64,4.447,,
30.286,2.93E+04,316.531,-34.081,57.779,4.446,,
30.336,2.93E+04,314.827,-34.058,57.917,4.445,,
30.386,2.93E+04,313.125,-34.035,58.055,4.443,,
30.436,2.93E+04,311.424,-34.012,58.193,4.442,,
30.486,2.94E+04,309.724,-33.99,58.332,4.441,,
30.536,2.94E+04,308.025,-33.967,58.47,4.439,,
30.586,2.94E+04,306.327,-33.945,58.609,4.438,,
30.636,2.94E+04,304.63,-33.923,58.747,4.436,,
30.686,2.94E+04,302.935,-33.901,58.886,4.435,,
30.736,2.94E+04,301.24,-33.879,59.024,4.434,,
30.786,2.94E+04,299.547,-33.857,59.163,4.433,,
30.836,2.95E+04,297.854,-33.836,59.302,4.431,,
30.886,2.95E+04,296.163,-33.815,59.441,4.43,,
30.936,2.95E+04,294.473,-33.794,59.579,4.429,,
30.986,2.95E+04,292.784,-33.773,59.718,4.427,,
31.036,2.95E+04,291.096,-33.752,59.857,4.426,,
31.086,2.95E+04,289.409,-33.731,59.996,4.425,,
31.136,2.95E+04,287.723,-33.711,60.135,4.423,,
31.186,2.96E+04,286.037,-33.69,60.274,4.422,,
31.236,2.96E+04,284.353,-33.67,60.413,4.421,,
31.286,2.96E+04,282.67,-33.65,60.553,4.419,,
31.336,2.96E+04,280.988,-33.63,60.692,4.418,,
31.386,2.96E+04,279.307,-33.611,60.831,4.417,,
31.436,2.96E+04,277.627,-33.591,60.971,4.416,,
31.486,2.96E+04,275.948,-33.572,61.11,4.414,,
31.536,2.97E+04,274.27,-33.552,61.249,4.413,,
31.586,2.97E+04,272.593,-33.533,61.389,4.412,,
31.636,2.97E+04,270.917,-33.514,61.528,4.411,,
31.686,2.97E+04,269.242,-33.495,61.668,4.41,,
31.736,2.97E+04,267.567,-33.477,61.807,4.408,,
31.786,2.97E+04,265.894,-33.458,61.947,4.407,,
31.836,2.97E+04,264.222,-33.44,62.087,4.406,,
31.886,2.98E+04,262.55,-33.421,62.227,4.405,,
31.936,2.98E+04,260.879,-33.403,62.366,4.403,,
31.986,2.98E+04,259.21,-33.385,62.506,4.402,,
32.036,2.98E+04,257.541,-33.368,62.646,4.401,,
32.086,2.98E+04,255.873,-33.35,62.786,4.4,,
32.136,2.98E+04,254.206,-33.332,62.926,4.399,,
32.186,2.98E+04,252.54,-33.315,63.066,4.398,,
32.236,2.98E+04,250.874,-33.298,63.206,4.396,,
32.286,2.99E+04,249.21,-33.28,63.346,4.395,,
32.336,2.99E+04,247.546,-33.263,63.486,4.394,,
32.386,2.99E+04,245.884,-33.247,63.626,4.393,,
32.436,2.99E+04,244.222,-33.23,63.766,4.392,,
32.486,2.99E+04,242.561,-33.213,63.907,4.391,,
32.536,2.99E+04,240.9,-33.197,64.047,4.39,,
32.586,2.99E+04,239.241,-33.18,64.187,4.388,,
32.636,2.99E+04,237.582,-33.164,64.328,4.387,,
32.686,3.00E+04,235.925,-33.148,64.468,4.386,,
32.736,3.00E+04,234.268,-33.132,64.609,4.385,,
32.786,3.00E+04,232.611,-33.116,64.749,4.384,,
32.836,3.00E+04,230.956,-33.101,64.889,4.383,,
32.886,3.00E+04,229.301,-33.085,65.03,4.382,,
32.936,3.00E+04,227.647,-33.07,65.171,4.381,,
32.986,3.00E+04,225.994,-33.055,65.311,4.379,,
33.036,3.00E+04,224.342,-33.039,65.452,4.378,,
33.086,3.00E+04,222.69,-33.024,65.593,4.377,,
33.136,3.01E+04,221.039,-33.009,65.733,4.376,,
33.186,3.01E+04,219.389,-32.995,65.874,4.375,,
33.236,3.01E+04,217.74,-32.98,66.015,4.374,,
33.286,3.01E+04,216.091,-32.966,66.156,4.373,,
33.336,3.01E+04,214.443,-32.951,66.296,4.372,,
33.386,3.01E+04,212.796,-32.937,66.437,4.371,,
33.436,3.01E+04,211.15,-32.923,66.578,4.37,,
33.486,3.01E+04,209.504,-32.909,66.719,4.369,,
33.536,3.01E+04,207.859,-32.895,66.86,4.368,,
33.586,3.02E+04,206.214,-32.881,67.001,4.366,,
33.636,3.02E+04,204.571,-32.867,67.142,4.365,,
33.686,3.02E+04,202.928,-32.854,67.283,4.364,,
33.736,3.02E+04,201.285,-32.841,67.424,4.363,,
33.786,3.02E+04,199.644,-32.827,67.566,4.362,,
33.836,3.02E+04,198.003,-32.814,67.707,4.361,,
33.886,3.02E+04,196.362,-32.801,67.848,4.36,,
33.936,3.02E+04,194.722,-32.788,67.989,4.359,,
33.986,3.02E+04,193.083,-32.775,68.13,4.358,,
34.036,3.02E+04,191.445,-32.763,68.272,4.357,,
34.086,3.03E+04,189.807,-32.75,68.413,4.356,,
34.136,3.03E+04,188.17,-32.738,68.554,4.355,,
34.186,3.03E+04,186.533,-32.725,68.696,4.353,,
34.236,3.03E+04,184.897,-32.713,68.837,4.352,,
34.286,3.03E+04,183.262,-32.701,68.978,4.351,,
34.336,3.03E+04,181.627,-32.689,69.12,4.35,,
34.386,3.03E+04,179.993,-32.677,69.261,4.349,,
34.436,3.03E+04,178.36,-32.666,69.403,4.348,,
34.486,3.03E+04,176.727,-32.654,69.544,4.347,,
34.536,3.03E+04,175.094,-32.643,69.686,4.345,,
34.586,3.03E+04,173.462,-32.631,69.827,4.344,,
34.636,3.04E+04,171.831,-32.62,69.969,4.343,,
34.686,3.04E+04,170.2,-32.609,70.111,4.342,,
34.736,3.04E+04,168.57,-32.598,70.252,4.341,,
34.786,3.04E+04,166.94,-32.587,70.394,4.339,,
34.836,3.04E+04,165.311,-32.576,70.536,4.338,,
34.886,3.04E+04,163.683,-32.565,70.677,4.337,,
34.936,3.04E+04,162.055,-32.555,70.819,4.335,,
34.986,3.04E+04,160.427,-32.544,70.961,4.334,,
35.036,3.04E+04,158.8,-32.534,71.102,4.333,,
35.086,3.04E+04,157.174,-32.524,71.244,4.331,,
35.136,3.04E+04,155.548,-32.514,71.386,4.33,,
35.186,3.04E+04,153.923,-32.504,71.528,4.329,,
35.236,3.04E+04,152.298,-32.494,71.669,4.327,,
35.286,3.05E+04,150.673,-32.484,71.811,4.326,,
35.336,3.05E+04,149.049,-32.474,71.953,4.324,,
35.386,3.05E+04,147.426,-32.465,72.095,4.322,,
35.436,3.05E+04,145.803,-32.455,72.237,4.321,,
35.486,3.05E+04,144.18,-32.446,72.379,4.319,,
35.536,3.05E+04,142.558,-32.437,72.521,4.317,,
35.586,3.05E+04,140.937,-32.428,72.662,4.316,,
35.636,3.05E+04,139.315,-32.419,72.804,4.314,,
35.686,3.05E+04,137.695,-32.41,72.946,4.312,,
35.736,3.05E+04,136.074,-32.401,73.088,4.31,,
35.786,3.05E+04,134.455,-32.392,73.23,4.308,,
35.836,3.05E+04,132.835,-32.384,73.372,4.306,,
35.886,3.05E+04,131.216,-32.375,73.514,4.304,,
35.936,3.05E+04,129.598,-32.367,73.656,4.302,,
35.986,3.06E+04,127.98,-32.358,73.798,4.299,,
36.036,3.06E+04,126.362,-32.35,73.94,4.297,,
36.086,3.06E+04,124.745,-32.342,74.082,4.294,,
36.136,3.06E+04,123.128,-32.334,74.224,4.292,,
36.186,3.06E+04,121.511,-32.327,74.366,4.289,,
36.236,3.06E+04,119.895,-32.319,74.508,4.286,,
36.286,3.06E+04,118.279,-32.311,74.65,4.284,,
36.336,3.06E+04,116.664,-32.304,74.792,4.281,,
36.386,3.06E+04,115.049,-32.296,74.934,4.278,,
36.436,3.06E+04,113.434,-32.289,75.076,4.274,,
36.486,3.06E+04,111.82,-32.282,75.218,4.271,,
36.536,3.06E+04,110.206,-32.275,75.36,4.267,,
36.586,3.06E+04,108.593,-32.268,75.502,4.264,,
36.636,3.06E+04,106.979,-32.261,75.644,4.26,,
36.686,3.06E+04,105.366,-32.254,75.786,4.256,,
36.736,3.06E+04,103.754,-32.247,75.928,4.252,,
36.786,3.06E+04,102.142,-32.241,76.07,4.247,,
36.836,3.07E+04,100.53,-32.234,76.212,4.243,,
36.886,3.07E+04,98.918,-32.228,76.354,4.238,,
36.936,3.07E+04,97.307,-32.222,76.496,4.233,,
36.986,3.07E+04,95.696,-32.215,76.638,4.227,,
37.036,3.07E+04,94.086,-32.209,76.78,4.222,,
37.086,3.07E+04,92.475,-32.203,76.922,4.216,,
37.136,3.07E+04,90.865,-32.198,77.064,4.21,,
37.186,3.07E+04,89.255,-32.192,77.206,4.203,,
37.236,3.07E+04,87.646,-32.187,77.348,4.196,,
37.286,3.07E+04,86.037,-32.182,77.49,4.189,,
37.336,3.07E+04,84.428,-32.177,77.632,4.181,,
37.386,3.07E+04,82.819,-32.171,77.774,4.173,,
37.436,3.07E+04,81.211,-32.166,77.916,4.164,,
37.486,3.07E+04,79.602,-32.162,78.058,4.155,,
37.536,3.07E+04,77.994,-32.157,78.2,4.146,,
37.586,3.07E+04,76.387,-32.152,78.341,4.136,,
37.636,3.07E+04,74.779,-32.147,78.483,4.125,,
37.686,3.07E+04,73.172,-32.143,78.625,4.114,,
37.736,3.07E+04,71.565,-32.138,78.767,4.102,,
37.786,3.07E+04,69.958,-32.134,78.909,4.089,,
37.836,3.07E+04,68.352,-32.13,79.051,4.075,,
37.886,3.07E+04,66.745,-32.125,79.192,4.061,,
37.936,3.07E+04,65.139,-32.121,79.334,4.046,,
37.986,3.07E+04,63.533,-32.117,79.476,4.03,,
38.036,3.07E+04,61.927,-32.113,79.618,4.012,,
38.086,3.08E+04,60.322,-32.109,79.759,3.994,,
38.136,3.08E+04,58.716,-32.106,79.901,3.975,,
38.186,3.08E+04,57.111,-32.102,80.043,3.954,,
38.236,3.08E+04,55.506,-32.098,80.184,3.932,,
38.286,3.08E+04,53.901,-32.095,80.326,3.908,,
38.336,3.08E+04,52.297,-32.091,80.468,3.883,,
38.386,3.08E+04,50.692,-32.088,80.609,3.856,,
38.436,3.08E+04,49.088,-32.085,80.751,3.827,,
38.486,3.08E+04,47.484,-32.082,80.892,3.796,,
38.536,3.08E+04,45.88,-32.079,81.034,3.763,,
38.586,3.08E+04,44.276,-32.076,81.175,3.728,,
38.636,3.08E+04,42.672,-32.073,81.316,3.69,,
38.686,3.08E+04,41.069,-32.07,81.458,3.649,,
38.736,3.08E+04,39.465,-32.067,81.599,3.605,,
38.786,3.08E+04,37.862,-32.065,81.741,3.558,,
38.836,3.08E+04,36.259,-32.062,81.882,3.507,,
38.886,3.08E+04,34.656,-32.06,82.023,3.453,,
38.936,3.08E+04,33.053,-32.058,82.164,3.394,,
38.986,3.08E+04,31.45,-32.055,82.306,3.33,,
39.036,3.08E+04,29.847,-32.053,82.447,3.261,,
39.086,3.08E+04,28.245,-32.051,82.588,3.186,,
39.136,3.08E+04,26.642,-32.049,82.729,3.105,,
39.186,3.08E+04,25.04,-32.047,82.87,3.017,,
39.236,3.08E+04,23.437,-32.046,83.011,2.922,,
39.286,3.08E+04,21.835,-32.044,83.152,2.818,,
39.336,3.08E+04,20.233,-32.043,83.293,2.704,,
39.386,3.08E+04,18.631,-32.041,83.434,2.58,,
39.436,3.08E+04,17.029,-32.04,83.575,2.444,,
39.486,3.08E+04,15.427,-32.039,83.716,2.295,,
39.536,3.08E+04,13.825,-32.037,83.857,2.133,,
39.586,3.08E+04,12.223,-32.036,83.998,1.954,,
39.636,3.08E+04,10.621,-32.035,84.139,1.759,,
39.686,3.08E+04,9.02,-32.034,84.279,1.546,,
39.736,3.08E+04,7.418,-32.034,84.42,1.316,,
39.786,3.08E+04,5.816,-32.033,84.561,1.074,,
39.836,3.08E+04,4.215,-32.032,84.701,0.834,,
39.886,3.08E+04,2.613,-32.031,84.842,0.643,,
39.936,3.08E+04,1.011,-32.032,84.983,5.551,,
# Event APOGEE occurred at t=39.986 seconds,,,,,,,
39.986,3.08E+04,-0.59,-32.032,85.123,6.965,,
# Event RECOVERY_DEVICE_DEPLOYMENT occurred at t=39.987 seconds,,,,,,,
40.036,3.08E+04,-2.192,-32.031,85.264,8.354,,
40.041,3.08E+04,-2.356,-32.019,85.278,NaN,,
40.541,3.08E+04,-18.365,-32.018,86.682,NaN,,
41.041,3.08E+04,-34.102,-31.475,88.073,NaN,,
41.541,3.08E+04,-49.165,-30.125,89.433,NaN,,
42.041,3.07E+04,-63.201,-28.073,90.746,NaN,,
42.541,3.07E+04,-75.945,-25.488,91.996,NaN,,
43.041,3.07E+04,-87.232,-22.574,93.174,NaN,,
43.541,3.06E+04,-97,-19.536,94.27,NaN,,
44.041,3.06E+04,-105.278,-16.556,95.28,NaN,,
44.541,3.05E+04,-112.163,-13.769,96.203,NaN,,
45.041,3.05E+04,-117.793,-11.261,97.04,NaN,,
45.541,3.04E+04,-122.331,-9.075,97.793,NaN,,
46.041,3.03E+04,-125.94,-7.218,98.468,NaN,,
46.541,3.03E+04,-128.776,-5.672,99.07,NaN,,
47.041,3.02E+04,-130.98,-4.407,99.604,NaN,,
47.541,3.01E+04,-132.673,-3.386,100.076,NaN,,
48.041,3.01E+04,-133.958,-2.57,100.491,NaN,,
48.541,3.00E+04,-134.92,-1.924,100.856,NaN,,
49.041,2.99E+04,-135.628,-1.416,101.176,NaN,,
49.541,2.99E+04,-136.137,-1.018,101.455,NaN,,
50.041,2.98E+04,-136.491,-0.708,101.697,NaN,,
50.541,2.97E+04,-136.725,-0.468,101.907,NaN,,
51.041,2.97E+04,-136.866,-0.282,102.089,NaN,,
51.541,2.96E+04,-136.936,-0.139,102.245,NaN,,
52.041,2.95E+04,-136.95,-0.029,102.378,NaN,,
52.541,2.95E+04,-136.923,0.055,102.491,NaN,,
53.041,2.94E+04,-136.86,0.126,102.587,NaN,,
53.541,2.93E+04,-136.77,0.179,102.667,NaN,,
54.041,2.93E+04,-136.66,0.22,102.733,NaN,,
54.541,2.92E+04,-136.534,0.251,102.787,NaN,,
55.041,2.91E+04,-136.397,0.274,102.831,NaN,,
55.541,2.90E+04,-136.252,0.291,102.865,NaN,,
56.041,2.90E+04,-136.1,0.304,102.89,NaN,,
56.541,2.89E+04,-135.943,0.313,102.908,NaN,,
57.041,2.88E+04,-135.784,0.32,102.92,NaN,,
57.541,2.88E+04,-135.622,0.324,102.925,NaN,,
58.041,2.87E+04,-135.458,0.327,102.926,NaN,,
58.541,2.86E+04,-135.294,0.329,102.923,NaN,,
59.041,2.86E+04,-135.129,0.33,102.915,NaN,,
59.541,2.85E+04,-134.964,0.33,102.904,NaN,,
60.041,2.84E+04,-134.799,0.329,102.89,NaN,,
60.541,2.84E+04,-134.635,0.329,102.873,NaN,,
61.041,2.83E+04,-134.471,0.328,102.855,NaN,,
61.541,2.82E+04,-134.308,0.326,102.834,NaN,,
62.041,2.82E+04,-134.145,0.325,102.811,NaN,,
62.541,2.81E+04,-133.983,0.324,102.787,NaN,,
63.041,2.80E+04,-133.823,0.322,102.761,NaN,,
63.541,2.80E+04,-133.662,0.32,102.734,NaN,,
64.041,2.79E+04,-133.503,0.318,102.706,NaN,,
64.541,2.78E+04,-133.345,0.317,102.677,NaN,,
65.041,2.78E+04,-133.185,0.32,102.648,NaN,,
65.541,2.77E+04,-133.024,0.322,102.618,NaN,,
66.041,2.76E+04,-132.862,0.324,102.587,NaN,,
66.541,2.76E+04,-132.699,0.325,102.555,NaN,,
67.041,2.75E+04,-132.537,0.325,102.524,NaN,,
67.541,2.74E+04,-132.375,0.324,102.492,NaN,,
68.041,2.74E+04,-132.213,0.324,102.459,NaN,,
68.541,2.73E+04,-132.052,0.323,102.426,NaN,,
69.041,2.72E+04,-131.891,0.321,102.394,NaN,,
69.541,2.72E+04,-131.731,0.32,102.36,NaN,,
70.041,2.71E+04,-131.572,0.318,102.327,NaN,,
70.541,2.70E+04,-131.414,0.317,102.294,NaN,,
71.041,2.70E+04,-131.256,0.315,102.26,NaN,,
71.541,2.69E+04,-131.099,0.313,102.227,NaN,,
72.041,2.68E+04,-130.944,0.312,102.193,NaN,,
72.541,2.68E+04,-130.789,0.31,102.159,NaN,,
73.041,2.67E+04,-130.635,0.308,102.126,NaN,,
73.541,2.66E+04,-130.482,0.306,102.092,NaN,,
74.041,2.66E+04,-130.329,0.305,102.058,NaN,,
74.541,2.65E+04,-130.178,0.303,102.025,NaN,,
75.041,2.65E+04,-130.027,0.301,101.991,NaN,,
75.541,2.64E+04,-129.878,0.299,101.957,NaN,,
76.041,2.63E+04,-129.729,0.298,101.924,NaN,,
76.541,2.63E+04,-129.581,0.296,101.89,NaN,,
77.041,2.62E+04,-129.434,0.294,101.856,NaN,,
77.541,2.61E+04,-129.285,0.297,101.823,NaN,,
78.041,2.61E+04,-129.135,0.3,101.789,NaN,,
78.541,2.60E+04,-128.984,0.301,101.756,NaN,,
79.041,2.59E+04,-128.833,0.302,101.723,NaN,,
79.541,2.59E+04,-128.682,0.302,101.689,NaN,,
80.041,2.58E+04,-128.532,0.302,101.656,NaN,,
80.541,2.57E+04,-128.381,0.301,101.623,NaN,,
81.041,2.57E+04,-128.231,0.3,101.59,NaN,,
81.541,2.56E+04,-128.082,0.299,101.557,NaN,,
82.041,2.56E+04,-127.933,0.297,101.524,NaN,,
82.541,2.55E+04,-127.785,0.296,101.491,NaN,,
83.041,2.54E+04,-127.638,0.295,101.458,NaN,,
83.541,2.54E+04,-127.491,0.293,101.425,NaN,,
84.041,2.53E+04,-127.346,0.292,101.393,NaN,,
84.541,2.52E+04,-127.201,0.29,101.36,NaN,,
85.041,2.52E+04,-127.056,0.288,101.327,NaN,,
85.541,2.51E+04,-126.913,0.287,101.295,NaN,,
86.041,2.50E+04,-126.77,0.285,101.263,NaN,,
86.541,2.50E+04,-126.628,0.284,101.23,NaN,,
87.041,2.49E+04,-126.487,0.282,101.198,NaN,,
87.541,2.49E+04,-126.347,0.281,101.166,NaN,,
88.041,2.48E+04,-126.208,0.279,101.134,NaN,,
88.541,2.47E+04,-126.069,0.278,101.102,NaN,,
89.041,2.47E+04,-125.931,0.276,101.07,NaN,,
89.541,2.46E+04,-125.794,0.274,101.038,NaN,,
90.041,2.45E+04,-125.657,0.274,101.006,NaN,,
90.541,2.45E+04,-125.518,0.277,100.974,NaN,,
91.041,2.44E+04,-125.378,0.279,100.942,NaN,,
91.541,2.43E+04,-125.238,0.281,100.911,NaN,,
92.041,2.43E+04,-125.097,0.281,100.879,NaN,,
92.541,2.42E+04,-124.957,0.281,100.848,NaN,,
93.041,2.42E+04,-124.817,0.28,100.816,NaN,,
93.541,2.41E+04,-124.677,0.28,100.785,NaN,,
94.041,2.40E+04,-124.537,0.279,100.754,NaN,,
94.541,2.40E+04,-124.399,0.278,100.722,NaN,,
95.041,2.39E+04,-124.26,0.277,100.691,NaN,,
95.541,2.39E+04,-124.123,0.275,100.66,NaN,,
96.041,2.38E+04,-123.986,0.274,100.629,NaN,,
96.541,2.37E+04,-123.849,0.273,100.598,NaN,,
97.041,2.37E+04,-123.714,0.271,100.567,NaN,,
97.541,2.36E+04,-123.579,0.27,100.536,NaN,,
98.041,2.35E+04,-123.445,0.268,100.506,NaN,,
98.541,2.35E+04,-123.311,0.267,100.475,NaN,,
99.041,2.34E+04,-123.178,0.266,100.444,NaN,,
99.541,2.34E+04,-123.046,0.264,100.414,NaN,,
100.041,2.33E+04,-122.915,0.263,100.384,NaN,,
100.541,2.32E+04,-122.784,0.261,100.353,NaN,,
101.041,2.32E+04,-122.654,0.26,100.323,NaN,,
101.541,2.31E+04,-122.525,0.259,100.293,NaN,,
102.041,2.30E+04,-122.396,0.257,100.262,NaN,,
102.541,2.30E+04,-122.268,0.256,100.232,NaN,,
103.041,2.29E+04,-122.141,0.255,100.202,NaN,,
103.541,2.29E+04,-122.013,0.257,100.172,NaN,,
104.041,2.28E+04,-121.883,0.259,100.142,NaN,,
104.541,2.27E+04,-121.753,0.261,100.112,NaN,,
105.041,2.27E+04,-121.622,0.262,100.082,NaN,,
105.541,2.26E+04,-121.491,0.262,100.053,NaN,,
106.041,2.26E+04,-121.36,0.261,100.023,NaN,,
106.541,2.25E+04,-121.23,0.261,99.993,NaN,,
107.041,2.24E+04,-121.1,0.26,99.964,NaN,,
107.541,2.24E+04,-120.97,0.259,99.934,NaN,,
108.041,2.23E+04,-120.841,0.258,99.905,NaN,,
108.541,2.23E+04,-120.712,0.257,99.876,NaN,,
109.041,2.22E+04,-120.584,0.256,99.846,NaN,,
109.541,2.21E+04,-120.457,0.255,99.817,NaN,,
110.041,2.21E+04,-120.33,0.253,99.788,NaN,,
110.541,2.20E+04,-120.204,0.252,99.759,NaN,,
111.041,2.20E+04,-120.079,0.251,99.73,NaN,,
111.541,2.19E+04,-119.954,0.25,99.701,NaN,,
112.041,2.18E+04,-119.83,0.248,99.672,NaN,,
112.541,2.18E+04,-119.706,0.247,99.643,NaN,,
113.041,2.17E+04,-119.583,0.246,99.614,NaN,,
113.541,2.17E+04,-119.461,0.245,99.585,NaN,,
114.041,2.16E+04,-119.339,0.243,99.557,NaN,,
114.541,2.15E+04,-119.218,0.242,99.528,NaN,,
115.041,2.15E+04,-119.097,0.241,99.499,NaN,,
115.541,2.14E+04,-118.978,0.24,99.471,NaN,,
116.041,2.14E+04,-118.858,0.239,99.442,NaN,,
116.541,2.13E+04,-118.74,0.237,99.414,NaN,,
117.041,2.12E+04,-118.62,0.238,99.386,NaN,,
117.541,2.12E+04,-118.5,0.241,99.357,NaN,,
118.041,2.11E+04,-118.378,0.243,99.329,NaN,,
118.541,2.11E+04,-118.256,0.244,99.301,NaN,,
119.041,2.10E+04,-118.134,0.244,99.273,NaN,,
119.541,2.09E+04,-118.013,0.244,99.245,NaN,,
120.041,2.09E+04,-117.891,0.243,99.217,NaN,,
120.541,2.08E+04,-117.769,0.243,99.189,NaN,,
121.041,2.08E+04,-117.648,0.242,99.161,NaN,,
121.541,2.07E+04,-117.528,0.241,99.133,NaN,,
122.041,2.07E+04,-117.408,0.24,99.105,NaN,,
122.541,2.06E+04,-117.288,0.239,99.078,NaN,,
123.041,2.05E+04,-117.169,0.238,99.05,NaN,,
123.541,2.05E+04,-117.051,0.237,99.022,NaN,,
124.041,2.04E+04,-116.933,0.236,98.995,NaN,,
124.541,2.04E+04,-116.816,0.235,98.967,NaN,,
125.041,2.03E+04,-116.699,0.233,98.94,NaN,,
125.541,2.02E+04,-116.583,0.232,98.913,NaN,,
126.041,2.02E+04,-116.467,0.231,98.885,NaN,,
126.541,2.01E+04,-116.352,0.23,98.858,NaN,,
127.041,2.01E+04,-116.238,0.229,98.831,NaN,,
127.541,2.00E+04,-116.124,0.228,98.804,NaN,,
128.041,2.00E+04,-116.01,0.227,98.777,NaN,,
128.541,1.99E+04,-115.898,0.226,98.75,NaN,,
129.041,1.98E+04,-115.785,0.225,98.723,NaN,,
129.541,1.98E+04,-115.674,0.223,98.696,NaN,,
130.041,1.97E+04,-115.562,0.222,98.669,NaN,,
130.541,1.97E+04,-115.452,0.221,98.642,NaN,,
131.041,1.96E+04,-115.341,0.222,98.615,NaN,,
131.541,1.95E+04,-115.228,0.225,98.589,NaN,,
132.041,1.95E+04,-115.115,0.227,98.562,NaN,,
132.541,1.94E+04,-115.001,0.227,98.535,NaN,,
133.041,1.94E+04,-114.887,0.228,98.509,NaN,,
133.541,1.93E+04,-114.773,0.228,98.482,NaN,,
134.041,1.93E+04,-114.66,0.227,98.456,NaN,,
134.541,1.92E+04,-114.547,0.227,98.429,NaN,,
135.041,1.91E+04,-114.434,0.226,98.403,NaN,,
135.541,1.91E+04,-114.321,0.225,98.377,NaN,,
136.041,1.90E+04,-114.209,0.224,98.35,NaN,,
136.541,1.90E+04,-114.097,0.223,98.324,NaN,,
137.041,1.89E+04,-113.986,0.222,98.298,NaN,,
137.541,1.89E+04,-113.876,0.221,98.272,NaN,,
138.041,1.88E+04,-113.765,0.22,98.246,NaN,,
138.541,1.87E+04,-113.656,0.219,98.22,NaN,,
139.041,1.87E+04,-113.547,0.218,98.194,NaN,,
139.541,1.86E+04,-113.438,0.217,98.168,NaN,,
140.041,1.86E+04,-113.33,0.216,98.142,NaN,,
140.541,1.85E+04,-113.222,0.215,98.116,NaN,,
141.041,1.85E+04,-113.115,0.214,98.091,NaN,,
141.541,1.84E+04,-113.009,0.213,98.065,NaN,,
142.041,1.83E+04,-112.903,0.212,98.039,NaN,,
142.541,1.83E+04,-112.797,0.211,98.014,NaN,,
143.041,1.82E+04,-112.692,0.21,97.988,NaN,,
143.541,1.82E+04,-112.587,0.209,97.963,NaN,,
144.041,1.81E+04,-112.483,0.208,97.937,NaN,,
144.541,1.81E+04,-112.38,0.207,97.912,NaN,,
145.041,1.80E+04,-112.277,0.206,97.886,NaN,,
145.541,1.80E+04,-112.172,0.208,97.861,NaN,,
146.041,1.79E+04,-112.067,0.21,97.836,NaN,,
146.541,1.78E+04,-111.961,0.212,97.811,NaN,,
147.041,1.78E+04,-111.855,0.213,97.786,NaN,,
147.541,1.77E+04,-111.749,0.213,97.76,NaN,,
148.041,1.77E+04,-111.642,0.213,97.735,NaN,,
148.541,1.76E+04,-111.536,0.212,97.71,NaN,,
149.041,1.76E+04,-111.43,0.212,97.685,NaN,,
149.541,1.75E+04,-111.325,0.211,97.66,NaN,,
150.041,1.75E+04,-111.22,0.21,97.636,NaN,,
150.541,1.74E+04,-111.115,0.209,97.611,NaN,,
151.041,1.73E+04,-111.011,0.209,97.586,NaN,,
151.541,1.73E+04,-110.907,0.208,97.561,NaN,,
152.041,1.72E+04,-110.804,0.207,97.537,NaN,,
152.541,1.72E+04,-110.701,0.206,97.512,NaN,,
153.041,1.71E+04,-110.598,0.205,97.487,NaN,,
153.541,1.71E+04,-110.496,0.204,97.463,NaN,,
154.041,1.70E+04,-110.395,0.203,97.438,NaN,,
154.541,1.70E+04,-110.294,0.202,97.414,NaN,,
155.041,1.69E+04,-110.193,0.201,97.389,NaN,,
155.541,1.68E+04,-110.093,0.2,97.365,NaN,,
156.041,1.68E+04,-109.993,0.199,97.341,NaN,,
156.541,1.67E+04,-109.894,0.198,97.316,NaN,,
157.041,1.67E+04,-109.795,0.198,97.292,NaN,,
157.541,1.66E+04,-109.697,0.197,97.268,NaN,,
158.041,1.66E+04,-109.599,0.196,97.244,NaN,,
158.541,1.65E+04,-109.502,0.195,97.22,NaN,,
159.041,1.65E+04,-109.405,0.194,97.196,NaN,,
159.541,1.64E+04,-109.308,0.193,97.172,NaN,,
160.041,1.64E+04,-109.212,0.193,97.148,NaN,,
160.541,1.63E+04,-109.114,0.196,97.124,NaN,,
161.041,1.62E+04,-109.015,0.197,97.1,NaN,,
161.541,1.62E+04,-108.916,0.198,97.076,NaN,,
162.041,1.61E+04,-108.816,0.199,97.052,NaN,,
162.541,1.61E+04,-108.717,0.199,97.028,NaN,,
163.041,1.60E+04,-108.618,0.199,97.005,NaN,,
163.541,1.60E+04,-108.518,0.198,96.981,NaN,,
164.041,1.59E+04,-108.42,0.198,96.957,NaN,,
164.541,1.59E+04,-108.321,0.197,96.934,NaN,,
165.041,1.58E+04,-108.223,0.196,96.91,NaN,,
165.541,1.58E+04,-108.125,0.196,96.887,NaN,,
166.041,1.57E+04,-108.028,0.195,96.863,NaN,,
166.541,1.56E+04,-107.931,0.194,96.84,NaN,,
167.041,1.56E+04,-107.834,0.193,96.817,NaN,,
167.541,1.55E+04,-107.738,0.192,96.793,NaN,,
168.041,1.55E+04,-107.642,0.191,96.77,NaN,,
168.541,1.54E+04,-107.547,0.191,96.747,NaN,,
169.041,1.54E+04,-107.452,0.19,96.723,NaN,,
169.541,1.53E+04,-107.358,0.189,96.7,NaN,,
170.041,1.53E+04,-107.264,0.188,96.677,NaN,,
170.541,1.52E+04,-107.17,0.187,96.654,NaN,,
171.041,1.52E+04,-107.077,0.187,96.631,NaN,,
171.541,1.51E+04,-106.984,0.186,96.608,NaN,,
172.041,1.51E+04,-106.891,0.185,96.585,NaN,,
172.541,1.50E+04,-106.799,0.184,96.562,NaN,,
173.041,1.49E+04,-106.708,0.183,96.539,NaN,,
173.541,1.49E+04,-106.616,0.183,96.517,NaN,,
174.041,1.48E+04,-106.525,0.182,96.494,NaN,,
174.541,1.48E+04,-106.435,0.181,96.471,NaN,,
175.041,1.47E+04,-106.345,0.18,96.448,NaN,,
175.541,1.47E+04,-106.254,0.182,96.426,NaN,,
176.041,1.46E+04,-106.162,0.184,96.403,NaN,,
176.541,1.46E+04,-106.069,0.185,96.38,NaN,,
177.041,1.45E+04,-105.976,0.186,96.358,NaN,,
177.541,1.45E+04,-105.883,0.186,96.335,NaN,,
178.041,1.44E+04,-105.79,0.186,96.313,NaN,,
178.541,1.44E+04,-105.697,0.186,96.29,NaN,,
179.041,1.43E+04,-105.605,0.185,96.268,NaN,,
179.541,1.43E+04,-105.512,0.185,96.246,NaN,,
180.041,1.42E+04,-105.42,0.184,96.223,NaN,,
180.541,1.42E+04,-105.329,0.183,96.201,NaN,,
181.041,1.41E+04,-105.237,0.183,96.179,NaN,,
181.541,1.40E+04,-105.146,0.182,96.156,NaN,,
182.041,1.40E+04,-105.056,0.181,96.134,NaN,,
182.541,1.39E+04,-104.965,0.18,96.112,NaN,,
183.041,1.39E+04,-104.876,0.18,96.09,NaN,,
183.541,1.38E+04,-104.786,0.179,96.068,NaN,,
184.041,1.38E+04,-104.697,0.178,96.046,NaN,,
184.541,1.37E+04,-104.608,0.177,96.024,NaN,,
185.041,1.37E+04,-104.52,0.177,96.002,NaN,,
185.541,1.36E+04,-104.432,0.176,95.98,NaN,,
186.041,1.36E+04,-104.344,0.175,95.958,NaN,,
186.541,1.35E+04,-104.257,0.175,95.937,NaN,,
187.041,1.35E+04,-104.17,0.174,95.915,NaN,,
187.541,1.34E+04,-104.084,0.173,95.893,NaN,,
188.041,1.34E+04,-103.997,0.172,95.871,NaN,,
188.541,1.33E+04,-103.912,0.172,95.85,NaN,,
189.041,1.33E+04,-103.826,0.171,95.828,NaN,,
189.541,1.32E+04,-103.741,0.17,95.806,NaN,,
190.041,1.32E+04,-103.656,0.17,95.785,NaN,,
190.541,1.31E+04,-103.572,0.169,95.763,NaN,,
191.041,1.31E+04,-103.487,0.17,95.742,NaN,,
191.541,1.30E+04,-103.401,0.172,95.72,NaN,,
192.041,1.30E+04,-103.315,0.173,95.699,NaN,,
192.541,1.29E+04,-103.228,0.174,95.677,NaN,,
193.041,1.28E+04,-103.14,0.174,95.656,NaN,,
193.541,1.28E+04,-103.053,0.174,95.635,NaN,,
194.041,1.27E+04,-102.966,0.174,95.613,NaN,,
194.541,1.27E+04,-102.879,0.174,95.592,NaN,,
195.041,1.26E+04,-102.793,0.173,95.571,NaN,,
195.541,1.26E+04,-102.706,0.173,95.55,NaN,,
196.041,1.25E+04,-102.62,0.172,95.529,NaN,,
196.541,1.25E+04,-102.535,0.171,95.508,NaN,,
197.041,1.24E+04,-102.449,0.171,95.486,NaN,,
197.541,1.24E+04,-102.364,0.17,95.465,NaN,,
198.041,1.23E+04,-102.28,0.169,95.444,NaN,,
198.541,1.23E+04,-102.195,0.169,95.423,NaN,,
199.041,1.22E+04,-102.111,0.168,95.403,NaN,,
199.541,1.22E+04,-102.028,0.167,95.382,NaN,,
200.041,1.21E+04,-101.944,0.167,95.361,NaN,,
200.541,1.21E+04,-101.861,0.166,95.34,NaN,,
201.041,1.20E+04,-101.779,0.165,95.319,NaN,,
201.541,1.20E+04,-101.697,0.165,95.298,NaN,,
202.041,1.19E+04,-101.615,0.164,95.278,NaN,,
202.541,1.19E+04,-101.533,0.163,95.257,NaN,,
203.041,1.18E+04,-101.452,0.163,95.236,NaN,,
203.541,1.18E+04,-101.371,0.162,95.216,NaN,,
204.041,1.17E+04,-101.29,0.161,95.195,NaN,,
204.541,1.17E+04,-101.21,0.161,95.175,NaN,,
205.041,1.16E+04,-101.129,0.16,95.154,NaN,,
205.541,1.16E+04,-101.05,0.159,95.134,NaN,,
206.041,1.15E+04,-100.97,0.159,95.113,NaN,,
206.541,1.15E+04,-100.891,0.158,95.093,NaN,,
207.041,1.14E+04,-100.812,0.159,95.072,NaN,,
207.541,1.14E+04,-100.731,0.161,95.052,NaN,,
208.041,1.13E+04,-100.65,0.162,95.032,NaN,,
208.541,1.13E+04,-100.569,0.163,95.011,NaN,,
209.041,1.12E+04,-100.487,0.163,94.991,NaN,,
209.541,1.12E+04,-100.405,0.163,94.971,NaN,,
210.041,1.11E+04,-100.324,0.163,94.951,NaN,,
210.541,1.11E+04,-100.242,0.163,94.93,NaN,,
211.041,1.10E+04,-100.161,0.162,94.91,NaN,,
211.541,1.10E+04,-100.08,0.162,94.89,NaN,,
212.041,1.09E+04,-99.999,0.161,94.87,NaN,,
212.541,1.09E+04,-99.919,0.161,94.85,NaN,,
213.041,1.08E+04,-99.839,0.16,94.83,NaN,,
213.541,1.08E+04,-99.759,0.16,94.81,NaN,,
214.041,1.07E+04,-99.68,0.159,94.79,NaN,,
214.541,1.07E+04,-99.601,0.158,94.77,NaN,,
215.041,1.06E+04,-99.522,0.158,94.75,NaN,,
215.541,1.06E+04,-99.443,0.157,94.731,NaN,,
216.041,1.05E+04,-99.365,0.156,94.711,NaN,,
216.541,1.05E+04,-99.287,0.156,94.691,NaN,,
217.041,1.04E+04,-99.209,0.155,94.671,NaN,,
217.541,1.04E+04,-99.132,0.155,94.652,NaN,,
218.041,1.03E+04,-99.055,0.154,94.632,NaN,,
218.541,1.03E+04,-98.978,0.153,94.612,NaN,,
219.041,1.02E+04,-98.902,0.153,94.593,NaN,,
219.541,1.02E+04,-98.826,0.152,94.573,NaN,,
220.041,1.01E+04,-98.75,0.152,94.553,NaN,,
220.541,1.01E+04,-98.674,0.151,94.534,NaN,,
221.041,1.00E+04,-98.599,0.151,94.514,NaN,,
221.541,9972.36,-98.524,0.15,94.495,NaN,,
222.041,9923.117,-98.449,0.149,94.476,NaN,,
222.541,9873.911,-98.375,0.149,94.456,NaN,,
223.041,9824.742,-98.301,0.148,94.437,NaN,,
223.541,9775.61,-98.226,0.149,94.417,NaN,,
224.041,9726.515,-98.151,0.151,94.398,NaN,,
224.541,9677.459,-98.075,0.152,94.379,NaN,,
225.041,9628.441,-97.998,0.153,94.36,NaN,,
225.541,9579.461,-97.921,0.153,94.34,NaN,,
226.041,9530.519,-97.845,0.153,94.321,NaN,,
226.541,9481.616,-97.768,0.153,94.302,NaN,,
227.041,9432.751,-97.692,0.153,94.283,NaN,,
227.541,9383.924,-97.616,0.152,94.264,NaN,,
228.041,9335.135,-97.54,0.152,94.245,NaN,,
228.541,9286.384,-97.464,0.151,94.226,NaN,,
229.041,9237.671,-97.389,0.151,94.207,NaN,,
229.541,9188.996,-97.314,0.15,94.188,NaN,,
230.041,9140.358,-97.239,0.15,94.169,NaN,,
230.541,9091.757,-97.164,0.149,94.15,NaN,,
231.041,9043.193,-97.09,0.149,94.131,NaN,,
231.541,8994.667,-97.016,0.148,94.112,NaN,,
232.041,8946.178,-96.942,0.148,94.093,NaN,,
232.541,8897.725,-96.869,0.147,94.074,NaN,,
233.041,8849.309,-96.795,0.146,94.055,NaN,,
233.541,8800.93,-96.722,0.146,94.037,NaN,,
234.041,8752.586,-96.65,0.145,94.018,NaN,,
234.541,8704.28,-96.577,0.145,93.999,NaN,,
235.041,8656.009,-96.505,0.144,93.981,NaN,,
235.541,8607.774,-96.433,0.144,93.962,NaN,,
236.041,8559.576,-96.362,0.143,93.943,NaN,,
236.541,8511.413,-96.29,0.143,93.925,NaN,,
237.041,8463.285,-96.219,0.142,93.906,NaN,,
237.541,8415.193,-96.149,0.142,93.888,NaN,,
238.041,8367.136,-96.078,0.141,93.869,NaN,,
238.541,8319.115,-96.008,0.141,93.851,NaN,,
239.041,8271.129,-95.938,0.14,93.832,NaN,,
239.541,8223.177,-95.868,0.14,93.814,NaN,,
240.041,8175.26,-95.799,0.139,93.795,NaN,,
240.541,8127.379,-95.728,0.14,93.777,NaN,,
241.041,8079.532,-95.657,0.142,93.759,NaN,,
241.541,8031.722,-95.586,0.143,93.74,NaN,,
242.041,7983.947,-95.514,0.144,93.722,NaN,,
242.541,7936.208,-95.442,0.144,93.704,NaN,,
243.041,7888.505,-95.37,0.144,93.686,NaN,,
243.541,7840.838,-95.298,0.144,93.667,NaN,,
244.041,7793.207,-95.226,0.143,93.649,NaN,,
244.541,7745.611,-95.155,0.143,93.631,NaN,,
245.041,7698.052,-95.084,0.143,93.613,NaN,,
245.541,7650.528,-95.013,0.142,93.595,NaN,,
246.041,7603.039,-94.942,0.142,93.577,NaN,,
246.541,7555.586,-94.871,0.141,93.559,NaN,,
247.041,7508.168,-94.801,0.141,93.541,NaN,,
247.541,7460.785,-94.731,0.14,93.523,NaN,,
248.041,7413.437,-94.661,0.14,93.505,NaN,,
248.541,7366.124,-94.592,0.139,93.487,NaN,,
249.041,7318.845,-94.522,0.139,93.469,NaN,,
249.541,7271.601,-94.453,0.138,93.451,NaN,,
250.041,7224.392,-94.385,0.138,93.433,NaN,,
250.541,7177.216,-94.316,0.137,93.415,NaN,,
251.041,7130.076,-94.248,0.137,93.397,NaN,,
251.541,7082.969,-94.18,0.136,93.38,NaN,,
252.041,7035.896,-94.112,0.136,93.362,NaN,,
252.541,6988.857,-94.044,0.135,93.344,NaN,,
253.041,6941.851,-93.977,0.135,93.327,NaN,,
253.541,6894.88,-93.91,0.134,93.309,NaN,,
254.041,6847.941,-93.843,0.134,93.291,NaN,,
254.541,6801.036,-93.777,0.133,93.274,NaN,,
255.041,6754.165,-93.71,0.133,93.256,NaN,,
255.541,6707.326,-93.644,0.132,93.238,NaN,,
256.041,6660.52,-93.578,0.132,93.221,NaN,,
256.541,6613.748,-93.513,0.131,93.203,NaN,,
257.041,6567.008,-93.447,0.131,93.186,NaN,,
257.541,6520.301,-93.382,0.13,93.168,NaN,,
258.041,6473.626,-93.316,0.132,93.151,NaN,,
258.541,6426.985,-93.249,0.134,93.134,NaN,,
259.041,6380.378,-93.181,0.135,93.116,NaN,,
259.541,6333.804,-93.114,0.135,93.099,NaN,,
260.041,6287.264,-93.046,0.135,93.081,NaN,,
260.541,6240.758,-92.978,0.135,93.064,NaN,,
261.041,6194.286,-92.911,0.135,93.047,NaN,,
261.541,6147.847,-92.844,0.135,93.03,NaN,,
262.041,6101.442,-92.777,0.134,93.012,NaN,,
262.541,6055.07,-92.71,0.134,92.995,NaN,,
263.041,6008.732,-92.643,0.133,92.978,NaN,,
263.541,5962.427,-92.577,0.133,92.961,NaN,,
264.041,5916.156,-92.51,0.132,92.944,NaN,,
264.541,5869.917,-92.444,0.132,92.926,NaN,,
265.041,5823.711,-92.378,0.132,92.909,NaN,,
265.541,5777.538,-92.313,0.131,92.892,NaN,,
266.041,5731.398,-92.248,0.131,92.875,NaN,,
266.541,5685.291,-92.183,0.13,92.858,NaN,,
267.041,5639.216,-92.118,0.13,92.841,NaN,,
267.541,5593.173,-92.053,0.129,92.824,NaN,,
268.041,5547.163,-91.989,0.129,92.807,NaN,,
268.541,5501.184,-91.924,0.128,92.79,NaN,,
269.041,5455.238,-91.86,0.128,92.773,NaN,,
269.541,5409.324,-91.797,0.127,92.757,NaN,,
270.041,5363.441,-91.733,0.127,92.74,NaN,,
270.541,5317.591,-91.67,0.127,92.723,NaN,,
271.041,5271.771,-91.607,0.126,92.706,NaN,,
271.541,5225.984,-91.544,0.126,92.689,NaN,,
272.041,5180.227,-91.481,0.125,92.672,NaN,,
272.541,5134.502,-91.419,0.125,92.656,NaN,,
273.041,5088.809,-91.357,0.124,92.639,NaN,,
273.541,5043.146,-91.295,0.124,92.622,NaN,,
274.041,4997.514,-91.233,0.124,92.606,NaN,,
274.541,4951.913,-91.171,0.123,92.589,NaN,,
275.041,4906.343,-91.11,0.123,92.572,NaN,,
275.541,4860.803,-91.048,0.123,92.556,NaN,,
276.041,4815.295,-90.985,0.125,92.539,NaN,,
276.541,4769.818,-90.922,0.126,92.523,NaN,,
277.041,4724.373,-90.859,0.127,92.506,NaN,,
277.541,4678.959,-90.795,0.127,92.49,NaN,,
278.041,4633.578,-90.732,0.127,92.473,NaN,,
278.541,4588.228,-90.668,0.127,92.457,NaN,,
279.041,4542.909,-90.605,0.127,92.44,NaN,,
279.541,4497.623,-90.542,0.126,92.424,NaN,,
280.041,4452.368,-90.479,0.126,92.407,NaN,,
280.541,4407.144,-90.416,0.126,92.391,NaN,,
281.041,4361.952,-90.353,0.125,92.375,NaN,,
281.541,4316.791,-90.291,0.125,92.358,NaN,,
282.041,4271.661,-90.228,0.124,92.342,NaN,,
282.541,4226.563,-90.166,0.124,92.326,NaN,,
283.041,4181.495,-90.105,0.124,92.309,NaN,,
283.541,4136.458,-90.043,0.123,92.293,NaN,,
284.041,4091.452,-89.982,0.123,92.277,NaN,,
284.541,4046.476,-89.92,0.122,92.261,NaN,,
285.041,4001.532,-89.859,0.122,92.245,NaN,,
285.541,3956.617,-89.799,0.122,92.229,NaN,,
286.041,3911.733,-89.738,0.121,92.212,NaN,,
286.541,3866.879,-89.678,0.121,92.196,NaN,,
287.041,3822.055,-89.618,0.12,92.18,NaN,,
287.541,3777.261,-89.558,0.12,92.164,NaN,,
288.041,3732.497,-89.498,0.12,92.148,NaN,,
288.541,3687.763,-89.438,0.119,92.132,NaN,,
289.041,3643.059,-89.379,0.119,92.116,NaN,,
289.541,3598.384,-89.32,0.118,92.1,NaN,,
290.041,3553.739,-89.261,0.118,92.084,NaN,,
290.541,3509.124,-89.202,0.118,92.068,NaN,,
291.041,3464.537,-89.143,0.117,92.052,NaN,,
291.541,3419.98,-89.085,0.117,92.036,NaN,,
292.041,3375.452,-89.027,0.116,92.021,NaN,,
292.541,3330.953,-88.969,0.116,92.005,NaN,,
293.041,3286.483,-88.911,0.116,91.989,NaN,,
293.541,3242.042,-88.853,0.115,91.973,NaN,,
294.041,3197.63,-88.795,0.117,91.957,NaN,,
294.541,3153.248,-88.735,0.119,91.942,NaN,,
295.041,3108.895,-88.676,0.119,91.926,NaN,,
295.541,3064.572,-88.616,0.12,91.91,NaN,,
296.041,3020.279,-88.556,0.12,91.894,NaN,,
296.541,2976.016,-88.496,0.12,91.879,NaN,,
297.041,2931.783,-88.437,0.119,91.863,NaN,,
297.541,2887.579,-88.377,0.119,91.847,NaN,,
298.041,2843.405,-88.318,0.119,91.832,NaN,,
298.541,2799.261,-88.258,0.118,91.816,NaN,,
299.041,2755.147,-88.199,0.118,91.801,NaN,,
299.541,2711.062,-88.141,0.118,91.785,NaN,,
300.041,2667.006,-88.082,0.117,91.77,NaN,,
300.541,2622.98,-88.023,0.117,91.754,NaN,,
301.041,2578.983,-87.965,0.117,91.739,NaN,,
301.541,2535.015,-87.907,0.116,91.723,NaN,,
302.041,2491.076,-87.849,0.116,91.708,NaN,,
302.541,2447.166,-87.791,0.115,91.692,NaN,,
303.041,2403.284,-87.734,0.115,91.677,NaN,,
303.541,2359.432,-87.677,0.115,91.661,NaN,,
304.041,2315.608,-87.619,0.114,91.646,NaN,,
304.541,2271.812,-87.562,0.114,91.631,NaN,,
305.041,2228.045,-87.506,0.114,91.615,NaN,,
305.541,2184.306,-87.449,0.113,91.6,NaN,,
306.041,2140.596,-87.393,0.113,91.585,NaN,,
306.541,2096.914,-87.336,0.112,91.569,NaN,,
307.041,2053.26,-87.28,0.112,91.554,NaN,,
307.541,2009.634,-87.224,0.112,91.539,NaN,,
308.041,1966.035,-87.169,0.111,91.524,NaN,,
308.541,1922.465,-87.113,0.111,91.509,NaN,,
309.041,1878.922,-87.058,0.111,91.493,NaN,,
309.541,1835.407,-87.003,0.11,91.478,NaN,,
310.041,1791.919,-86.948,0.11,91.463,NaN,,
310.541,1748.459,-86.893,0.11,91.448,NaN,,
311.041,1705.026,-86.838,0.109,91.433,NaN,,
311.541,1661.621,-86.784,0.109,91.418,NaN,,
312.041,1618.243,-86.729,0.109,91.403,NaN,,
312.541,1574.892,-86.675,0.11,91.388,NaN,,
313.041,1531.568,-86.619,0.111,91.373,NaN,,
313.541,1488.273,-86.563,0.112,91.358,NaN,,
314.041,1445.006,-86.507,0.113,91.343,NaN,,
314.541,1401.766,-86.45,0.113,91.328,NaN,,
315.041,1358.555,-86.394,0.113,91.313,NaN,,
315.541,1315.372,-86.338,0.112,91.298,NaN,,
316.041,1272.218,-86.282,0.112,91.283,NaN,,
316.541,1229.091,-86.226,0.112,91.268,NaN,,
317.041,1185.992,-86.17,0.112,91.253,NaN,,
317.541,1142.921,-86.114,0.111,91.239,NaN,,
318.041,1099.878,-86.059,0.111,91.224,NaN,,
318.541,1056.863,-86.003,0.111,91.209,NaN,,
319.041,1013.875,-85.948,0.11,91.194,NaN,,
319.541,970.914,-85.893,0.11,91.179,NaN,,
320.041,927.982,-85.838,0.11,91.165,NaN,,
320.541,885.076,-85.784,0.109,91.15,NaN,,
321.041,842.198,-85.729,0.109,91.135,NaN,,
321.541,799.347,-85.675,0.109,91.121,NaN,,
# Event RECOVERY_DEVICE_DEPLOYMENT occurred at t=321.542 seconds,,,,,,,
322.041,756.523,-85.621,0.108,91.106,NaN,,
322.046,756.101,-83.98,330.165,91.106,NaN,,
322.047,756.002,-83.605,316.416,91.106,NaN,,
322.048,755.898,-83.212,313.309,91.106,NaN,,
322.049,755.792,-82.818,310.075,91.106,NaN,,
322.051,755.686,-82.422,306.843,91.106,NaN,,
322.052,755.578,-82.025,303.612,91.106,NaN,,
322.053,755.469,-81.625,300.382,91.105,NaN,,
322.055,755.359,-81.224,297.151,91.105,NaN,,
322.056,755.248,-80.82,293.922,91.105,NaN,,
322.057,755.135,-80.415,290.692,91.105,NaN,,
322.059,755.022,-80.008,287.464,91.105,NaN,,
322.06,754.907,-79.599,284.236,91.105,NaN,,
322.062,754.791,-79.187,281.008,91.105,NaN,,
322.063,754.673,-78.774,277.781,91.105,NaN,,
322.065,754.554,-78.358,274.555,91.105,NaN,,
322.066,754.434,-77.941,271.329,91.105,NaN,,
322.068,754.312,-77.521,268.104,91.105,NaN,,
322.069,754.189,-77.099,264.88,91.105,NaN,,
322.071,754.064,-76.675,261.656,91.105,NaN,,
322.073,753.938,-76.248,258.433,91.105,NaN,,
322.074,753.81,-75.819,255.21,91.105,NaN,,
322.076,753.681,-75.388,251.988,91.105,NaN,,
322.078,753.55,-74.954,248.767,91.105,NaN,,
322.08,753.417,-74.519,245.547,91.105,NaN,,
322.081,753.283,-74.08,242.327,91.105,NaN,,
322.083,753.147,-73.639,239.108,91.105,NaN,,
322.085,753.009,-73.196,235.89,91.105,NaN,,
322.087,752.869,-72.75,232.673,91.105,NaN,,
322.089,752.727,-72.301,229.456,91.105,NaN,,
322.091,752.583,-71.85,226.241,91.105,NaN,,
322.093,752.437,-71.395,223.026,91.104,NaN,,
322.095,752.289,-70.939,219.812,91.104,NaN,,
322.097,752.139,-70.479,216.599,91.104,NaN,,
322.099,751.987,-70.016,213.387,91.104,NaN,,
322.102,751.833,-69.551,210.176,91.104,NaN,,
322.104,751.676,-69.082,206.966,91.104,NaN,,
322.106,751.516,-68.611,203.757,91.104,NaN,,
322.109,751.355,-68.136,200.548,91.104,NaN,,
322.111,751.19,-67.658,197.341,91.104,NaN,,
322.113,751.023,-67.177,194.136,91.104,NaN,,
322.116,750.853,-66.693,190.931,91.104,NaN,,
322.119,750.681,-66.205,187.727,91.104,NaN,,
322.121,750.505,-65.714,184.525,91.104,NaN,,
322.124,750.327,-65.22,181.324,91.104,NaN,,
322.127,750.145,-64.721,178.124,91.104,NaN,,
322.13,749.96,-64.22,174.925,91.104,NaN,,
322.133,749.772,-63.714,171.728,91.104,NaN,,
322.136,749.58,-63.205,168.532,91.103,NaN,,
322.139,749.384,-62.691,165.338,91.103,NaN,,
322.142,749.185,-62.174,162.145,91.103,NaN,,
322.145,748.982,-61.653,158.954,91.103,NaN,,
322.149,748.775,-61.128,155.765,91.103,NaN,,
322.152,748.564,-60.598,152.577,91.103,NaN,,
322.156,748.348,-60.064,149.391,91.103,NaN,,
322.159,748.128,-59.525,146.207,91.103,NaN,,
322.163,747.903,-58.982,143.024,91.103,NaN,,
322.167,747.673,-58.434,139.844,91.103,NaN,,
322.171,747.438,-57.882,136.665,91.103,NaN,,
322.175,747.197,-57.324,133.489,91.103,NaN,,
322.18,746.951,-56.762,130.315,91.103,NaN,,
322.184,746.699,-56.194,127.143,91.103,NaN,,
322.189,746.44,-55.621,123.974,91.102,NaN,,
322.193,746.175,-55.042,120.807,91.102,NaN,,
322.198,745.903,-54.458,117.643,91.102,NaN,,
322.204,745.624,-53.868,114.482,91.102,NaN,,
322.209,745.337,-53.272,111.323,91.102,NaN,,
322.214,745.042,-52.67,108.168,91.102,NaN,,
322.22,744.739,-52.061,105.016,91.102,NaN,,
322.226,744.427,-51.446,101.867,91.102,NaN,,
322.233,744.105,-50.825,98.722,91.102,NaN,,
322.239,743.773,-50.196,95.58,91.102,NaN,,
322.246,743.43,-49.561,92.442,91.101,NaN,,
322.253,743.075,-48.918,89.309,91.101,NaN,,
322.261,742.708,-48.267,86.18,91.101,NaN,,
322.269,742.328,-47.609,83.056,91.101,NaN,,
322.277,741.934,-46.942,79.936,91.101,NaN,,
322.286,741.525,-46.268,76.822,91.101,NaN,,
322.295,741.099,-45.584,73.714,91.101,NaN,,
322.305,740.656,-44.892,70.612,91.1,NaN,,
322.315,740.193,-44.19,67.516,91.1,NaN,,
322.326,739.709,-43.479,64.427,91.1,NaN,,
322.338,739.202,-42.758,61.346,91.1,NaN,,
322.351,738.67,-42.027,58.273,91.1,NaN,,
322.364,738.11,-41.285,55.209,91.1,NaN,,
322.379,737.52,-40.532,52.155,91.099,NaN,,
322.394,736.895,-39.768,49.111,91.099,NaN,,
322.411,736.233,-38.993,46.079,91.099,NaN,,
322.429,735.527,-38.205,43.06,91.099,NaN,,
322.449,734.772,-37.405,40.055,91.099,NaN,,
322.471,733.961,-36.593,37.066,91.098,NaN,,
322.495,733.085,-35.768,34.094,91.098,NaN,,
322.522,732.134,-34.93,31.143,91.098,NaN,,
322.552,731.094,-34.079,28.215,91.098,NaN,,
322.586,729.947,-33.216,25.314,91.097,NaN,,
322.625,728.669,-32.342,22.443,91.097,NaN,,
322.671,727.23,-31.457,19.61,91.096,NaN,,
322.724,725.585,-30.564,16.82,91.096,NaN,,
322.787,723.668,-29.668,14.084,91.095,NaN,,
322.865,721.381,-28.775,11.417,91.095,NaN,,
322.965,718.562,-27.895,8.836,91.094,NaN,,
323.098,714.919,-27.05,6.375,91.093,NaN,,
323.287,709.862,-26.276,4.081,91.092,NaN,,
323.593,701.931,-25.652,2.044,91.091,NaN,,
324.093,689.161,-25.429,0.447,91.089,NaN,,
324.593,676.433,-25.482,-0.106,91.088,NaN,,
325.093,663.697,-25.462,0.04,91.086,NaN,,
325.593,650.966,-25.461,0.002,91.085,NaN,,
326.093,638.237,-25.455,0.012,91.084,NaN,,
326.593,625.511,-25.451,0.009,91.083,NaN,,
327.093,612.787,-25.446,0.01,91.081,NaN,,
327.593,600.065,-25.441,0.009,91.08,NaN,,
328.093,587.345,-25.437,0.009,91.079,NaN,,
328.593,574.628,-25.432,0.009,91.077,NaN,,
329.093,561.913,-25.427,0.009,91.076,NaN,,
329.593,549.201,-25.423,0.009,91.075,NaN,,
330.093,536.491,-25.418,0.009,91.073,NaN,,
330.593,523.783,-25.413,0.009,91.072,NaN,,
331.093,511.077,-25.409,0.009,91.071,NaN,,
331.593,498.374,-25.404,0.009,91.07,NaN,,
332.093,485.673,-25.399,0.009,91.068,NaN,,
332.593,472.975,-25.395,0.009,91.067,NaN,,
333.093,460.279,-25.39,0.009,91.066,NaN,,
333.593,447.585,-25.385,0.009,91.064,NaN,,
334.093,434.893,-25.381,0.009,91.063,NaN,,
334.593,422.204,-25.376,0.009,91.062,NaN,,
335.093,409.517,-25.371,0.009,91.061,NaN,,
335.593,396.833,-25.367,0.009,91.059,NaN,,
336.093,384.151,-25.362,0.009,91.058,NaN,,
336.593,371.471,-25.357,0.009,91.057,NaN,,
337.093,358.793,-25.353,0.009,91.055,NaN,,
337.593,346.118,-25.348,0.009,91.054,NaN,,
338.093,333.445,-25.344,0.009,91.053,NaN,,
338.593,320.774,-25.339,0.009,91.052,NaN,,
339.093,308.106,-25.334,0.009,91.05,NaN,,
339.593,295.44,-25.33,0.009,91.049,NaN,,
340.093,282.776,-25.325,0.009,91.048,NaN,,
340.593,270.115,-25.321,0.009,91.047,NaN,,
341.093,257.456,-25.316,0.009,91.045,NaN,,
341.593,244.799,-25.311,0.009,91.044,NaN,,
342.093,232.144,-25.307,0.009,91.043,NaN,,
342.593,219.492,-25.302,0.009,91.041,NaN,,
343.093,206.842,-25.298,0.009,91.04,NaN,,
343.593,194.195,-25.293,0.009,91.039,NaN,,
344.093,181.549,-25.289,0.009,91.038,NaN,,
344.593,168.906,-25.284,0.009,91.036,NaN,,
345.093,156.265,-25.279,0.009,91.035,NaN,,
345.593,143.627,-25.275,0.009,91.034,NaN,,
346.093,130.99,-25.27,0.009,91.033,NaN,,
346.593,118.356,-25.266,0.009,91.031,NaN,,
347.093,105.725,-25.261,0.009,91.03,NaN,,
347.593,93.095,-25.257,0.009,91.029,NaN,,
348.093,80.468,-25.252,0.009,91.027,NaN,,
348.593,67.843,-25.248,0.009,91.026,NaN,,
349.093,55.22,-25.243,0.009,91.025,NaN,,
349.593,42.6,-25.239,0.009,91.024,NaN,,
350.093,29.982,-25.234,0.009,91.022,NaN,,
350.593,17.366,-25.23,0.009,91.021,NaN,,
351.093,4.752,-25.225,0.009,91.02,NaN,,
# Event GROUND_HIT occurred at t=351.281 seconds,,,,,,,
# Event SIMULATION_END occurred at t=351.281 seconds,,,,,,,
351.281,0,-25.223,0.009,91.019,NaN,,
